time,power (W),energy (Wh),power (kW),energy (kWh)
5/24/2016 5:00,0,0,0,0
5/24/2016 5:01,0,0,0,0
5/24/2016 5:02,0,0,0,0
5/24/2016 5:03,0,0,0,0
5/24/2016 5:04,0,0,0,0
5/24/2016 5:05,0,0,0,0
5/24/2016 5:06,0,0,0,0
5/24/2016 5:07,0,0,0,0
5/24/2016 5:08,0,0,0,0
5/24/2016 5:09,0,0,0,0
5/24/2016 5:10,0,0,0,0
5/24/2016 5:11,0,0,0,0
5/24/2016 5:12,0,0,0,0
5/24/2016 5:13,0,0,0,0
5/24/2016 5:14,0,0,0,0
5/24/2016 5:15,0,0,0,0
5/24/2016 5:16,0,0,0,0
5/24/2016 5:17,0,0,0,0
5/24/2016 5:18,0,0,0,0
5/24/2016 5:19,0,0,0,0
5/24/2016 5:20,0,0,0,0
5/24/2016 5:21,0,0,0,0
5/24/2016 5:22,0,0,0,0
5/24/2016 5:23,0,0,0,0
5/24/2016 5:24,0,0,0,0
5/24/2016 5:25,0,0,0,0
5/24/2016 5:26,0,0,0,0
5/24/2016 5:27,0,0,0,0
5/24/2016 5:28,0,0,0,0
5/24/2016 5:29,0,0,0,0
5/24/2016 5:30,0,0,0,0
5/24/2016 5:31,0,0,0,0
5/24/2016 5:32,0,0,0,0
5/24/2016 5:33,0,0,0,0
5/24/2016 5:34,0,0,0,0
5/24/2016 5:35,0,0,0,0
5/24/2016 5:36,0,0,0,0
5/24/2016 5:37,0,0,0,0
5/24/2016 5:38,0,0,0,0
5/24/2016 5:39,0,0,0,0
5/24/2016 5:40,0,0,0,0
5/24/2016 5:41,0,0,0,0
5/24/2016 5:42,0,0,0,0
5/24/2016 5:43,0,0,0,0
5/24/2016 5:44,0,0,0,0
5/24/2016 5:45,0,0,0,0
5/24/2016 5:46,0,0,0,0
5/24/2016 5:47,0,0,0,0
5/24/2016 5:48,0,0,0,0
5/24/2016 5:49,0,0,0,0
5/24/2016 5:50,0,0,0,0
5/24/2016 5:51,0,0,0,0
5/24/2016 5:52,0,0,0,0
5/24/2016 5:53,0,0,0,0
5/24/2016 5:54,0,0,0,0
5/24/2016 5:55,0,0,0,0
5/24/2016 5:56,0,0,0,0
5/24/2016 5:57,0,0,0,0
5/24/2016 5:58,0,0,0,0
5/24/2016 5:59,0,0,0,0
5/24/2016 6:00,0,0,0,0
5/24/2016 6:01,0,0,0,0
5/24/2016 6:02,0,0,0,0
5/24/2016 6:03,0,0,0,0
5/24/2016 6:04,0,0,0,0
5/24/2016 6:05,0,0,0,0
5/24/2016 6:06,0,0,0,0
5/24/2016 6:07,0,0,0,0
5/24/2016 6:08,0,0,0,0
5/24/2016 6:09,0,0,0,0
5/24/2016 6:10,0,0,0,0
5/24/2016 6:11,0,0,0,0
5/24/2016 6:12,0,0,0,0
5/24/2016 6:13,0,0,0,0
5/24/2016 6:14,0,0,0,0
5/24/2016 6:15,0,0,0,0
5/24/2016 6:16,0,0,0,0
5/24/2016 6:17,0,0,0,0
5/24/2016 6:18,0,0,0,0
5/24/2016 6:19,0,0,0,0
5/24/2016 6:20,0,0,0,0
5/24/2016 6:21,0,0,0,0
5/24/2016 6:22,0,0,0,0
5/24/2016 6:23,0,0,0,0
5/24/2016 6:24,0,0,0,0
5/24/2016 6:25,150,0,0.15,0
5/24/2016 6:26,50,0,0.05,0
5/24/2016 6:27,100,1,0.1,0.005
5/24/2016 6:28,0,1,0,0.005
5/24/2016 6:29,0,2,0,0.01
5/24/2016 6:30,50,4,0.05,0.02
5/24/2016 6:31,175,9,0.175,0.045
5/24/2016 6:32,225,14,0.225,0.07
5/24/2016 6:33,430,21,0.43,0.105
5/24/2016 6:34,730,32,0.73,0.16
5/24/2016 6:35,780,44,0.78,0.22
5/24/2016 6:36,935,57,0.935,0.285
5/24/2016 6:37,1140,72,1.14,0.36
5/24/2016 6:38,1345,94,1.345,0.47
5/24/2016 6:39,1445,117,1.445,0.585
5/24/2016 6:40,1755,142,1.755,0.71
5/24/2016 6:41,1960,176,1.96,0.88
5/24/2016 6:42,2055,208,2.055,1.04
5/24/2016 6:43,2320,243,2.32,1.215
5/24/2016 6:44,2955,290,2.955,1.45
5/24/2016 6:45,3365,339,3.365,1.695
5/24/2016 6:46,3355,402,3.355,2.01
5/24/2016 6:47,2995,454,2.995,2.27
5/24/2016 6:48,2830,499,2.83,2.495
5/24/2016 6:49,2415,546,2.415,2.73
5/24/2016 6:50,2820,590,2.82,2.95
5/24/2016 6:51,3075,635,3.075,3.175
5/24/2016 6:52,3325,691,3.325,3.455
5/24/2016 6:53,3430,741,3.43,3.705
5/24/2016 6:54,3585,806,3.585,4.03
5/24/2016 6:55,4245,867,4.245,4.335
5/24/2016 6:56,5430,948,5.43,4.74
5/24/2016 6:57,6990,1057,6.99,5.285
5/24/2016 6:58,10020,1185,10.02,5.925
5/24/2016 6:59,10430,1370,10.43,6.85
5/24/2016 7:00,11100,1550,11.1,7.75
5/24/2016 7:01,11725,1725,11.725,8.625
5/24/2016 7:02,12445,1943,12.445,9.715
5/24/2016 7:03,13190,2158,13.19,10.79
5/24/2016 7:04,13720,2382,13.72,11.91
5/24/2016 7:05,14235,2613,14.235,13.065
5/24/2016 7:06,14705,2834,14.705,14.17
5/24/2016 7:07,15220,3105,15.22,15.525
5/24/2016 7:08,16140,3345,16.14,16.725
5/24/2016 7:09,17050,3646,17.05,18.23
5/24/2016 7:10,18515,3944,18.515,19.72
5/24/2016 7:11,19525,4261,19.525,21.305
5/24/2016 7:12,20640,4597,20.64,22.985
5/24/2016 7:13,21550,4947,21.55,24.735
5/24/2016 7:14,22320,5311,22.32,26.555
5/24/2016 7:15,23085,5694,23.085,28.47
5/24/2016 7:16,23950,6050,23.95,30.25
5/24/2016 7:17,24825,6456,24.825,32.28
5/24/2016 7:18,25645,6875,25.645,34.375
5/24/2016 7:19,26265,7342,26.265,36.71
5/24/2016 7:20,27140,7788,27.14,38.94
5/24/2016 7:21,27960,8210,27.96,41.05
5/24/2016 7:22,29030,8676,29.03,43.38
5/24/2016 7:23,29900,9206,29.9,46.03
5/24/2016 7:24,30275,9673,30.275,48.365
5/24/2016 7:25,31440,10226,31.44,51.13
5/24/2016 7:26,32465,10714,32.465,53.57
5/24/2016 7:27,33180,11262,33.18,56.31
5/24/2016 7:28,34045,11823,34.045,59.115
5/24/2016 7:29,34910,12445,34.91,62.225
5/24/2016 7:30,35575,13035,35.575,65.175
5/24/2016 7:31,36550,13637,36.55,68.185
5/24/2016 7:32,37065,14251,37.065,71.255
5/24/2016 7:33,37930,14827,37.93,74.135
5/24/2016 7:34,38895,15526,38.895,77.63
5/24/2016 7:35,39665,16184,39.665,80.92
5/24/2016 7:36,40685,16861,40.685,84.305
5/24/2016 7:37,41090,17544,41.09,87.72
5/24/2016 7:38,42265,18239,42.265,91.195
5/24/2016 7:39,42235,18948,42.235,94.74
5/24/2016 7:40,43745,19611,43.745,98.055
5/24/2016 7:41,45015,20354,45.015,101.77
5/24/2016 7:42,45940,21170,45.94,105.85
5/24/2016 7:43,46795,21941,46.795,109.705
5/24/2016 7:44,47265,22730,47.265,113.65
5/24/2016 7:45,48940,23535,48.94,117.675
5/24/2016 7:46,50050,24360,50.05,121.8
5/24/2016 7:47,51470,25203,51.47,126.015
5/24/2016 7:48,52280,26067,52.28,130.335
5/24/2016 7:49,53245,26946,53.245,134.73
5/24/2016 7:50,54315,27845,54.315,139.225
5/24/2016 7:51,55285,28759,55.285,143.795
5/24/2016 7:52,56045,29690,56.045,148.45
5/24/2016 7:53,57270,30629,57.27,153.145
5/24/2016 7:54,57235,31594,57.235,157.97
5/24/2016 7:55,61545,32574,61.545,162.87
5/24/2016 7:56,63255,33615,63.255,168.075
5/24/2016 7:57,64580,34681,64.58,173.405
5/24/2016 7:58,65285,35761,65.285,178.805
5/24/2016 7:59,66195,36856,66.195,184.28
5/24/2016 8:00,68815,37982,68.815,189.91
5/24/2016 8:01,69840,39144,69.84,195.72
5/24/2016 8:02,70645,40325,70.645,201.625
5/24/2016 8:03,71960,41512,71.96,207.56
5/24/2016 8:04,73425,42729,73.425,213.645
5/24/2016 8:05,74845,43971,74.845,219.855
5/24/2016 8:06,75810,45197,75.81,225.985
5/24/2016 8:07,76915,46485,76.915,232.425
5/24/2016 8:08,77995,47754,77.995,238.77
5/24/2016 8:09,78245,49058,78.245,245.29
5/24/2016 8:10,79470,50382,79.47,251.91
5/24/2016 8:11,80475,51721,80.475,258.605
5/24/2016 8:12,81095,53066,81.095,265.33
5/24/2016 8:13,82360,54436,82.36,272.18
5/24/2016 8:14,82230,55813,82.23,279.065
5/24/2016 8:15,84185,57203,84.185,286.015
5/24/2016 8:16,84955,58610,84.955,293.05
5/24/2016 8:17,85770,60031,85.77,300.155
5/24/2016 8:18,86590,61466,86.59,307.33
5/24/2016 8:19,87355,62914,87.355,314.57
5/24/2016 8:20,87805,64381,87.805,321.905
5/24/2016 8:21,88470,65859,88.47,329.295
5/24/2016 8:22,89590,67336,89.59,336.68
5/24/2016 8:23,90355,68835,90.355,344.175
5/24/2016 8:24,89915,70354,89.915,351.77
5/24/2016 8:25,92390,71882,92.39,359.41
5/24/2016 8:26,93200,73434,93.2,367.17
5/24/2016 8:27,94160,74995,94.16,374.975
5/24/2016 8:28,94935,76557,94.935,382.785
5/24/2016 8:29,96155,78160,96.155,390.8
5/24/2016 8:30,98010,79782,98.01,398.91
5/24/2016 8:31,99325,81424,99.325,407.12
5/24/2016 8:32,100140,83086,100.14,415.43
5/24/2016 8:33,101450,84763,101.45,423.815
5/24/2016 8:34,102865,86463,102.865,432.315
5/24/2016 8:35,103685,88183,103.685,440.915
5/24/2016 8:36,104690,89920,104.69,449.6
5/24/2016 8:37,105915,91674,105.915,458.37
5/24/2016 8:38,106670,93468,106.67,467.34
5/24/2016 8:39,106890,95252,106.89,476.26
5/24/2016 8:40,108195,97051,108.195,485.255
5/24/2016 8:41,108955,98861,108.955,494.305
5/24/2016 8:42,109775,100685,109.775,503.425
5/24/2016 8:43,110635,102523,110.635,512.615
5/24/2016 8:44,110700,104373,110.7,521.865
5/24/2016 8:45,112215,106233,112.215,531.165
5/24/2016 8:46,112920,108108,112.92,540.54
5/24/2016 8:47,113640,109984,113.64,549.92
5/24/2016 8:48,113845,111887,113.845,559.435
5/24/2016 8:49,114955,113794,114.955,568.97
5/24/2016 8:50,115310,115714,115.31,578.57
5/24/2016 8:51,116285,117644,116.285,588.22
5/24/2016 8:52,117660,119552,117.66,597.76
5/24/2016 8:53,118415,121530,118.415,607.65
5/24/2016 8:54,119085,123523,119.085,617.615
5/24/2016 8:55,119740,125500,119.74,627.5
5/24/2016 8:56,120495,127501,120.495,637.505
5/24/2016 8:57,121405,129530,121.405,647.65
5/24/2016 8:58,122620,131574,122.62,657.87
5/24/2016 8:59,122540,133632,122.54,668.16
5/24/2016 9:00,124600,135694,124.6,678.47
5/24/2016 9:01,124915,137768,124.915,688.84
5/24/2016 9:02,125835,139868,125.835,699.34
5/24/2016 9:03,126495,141944,126.495,709.72
5/24/2016 9:04,127055,144054,127.055,720.27
5/24/2016 9:05,127565,146177,127.565,730.885
5/24/2016 9:06,128625,148315,128.625,741.575
5/24/2016 9:07,129340,150476,129.34,752.38
5/24/2016 9:08,130400,152641,130.4,763.205
5/24/2016 9:09,130860,154813,130.86,774.065
5/24/2016 9:10,132030,157002,132.03,785.01
5/24/2016 9:11,132340,159198,132.34,795.99
5/24/2016 9:12,132950,161411,132.95,807.055
5/24/2016 9:13,134615,163654,134.615,818.27
5/24/2016 9:14,134480,165911,134.48,829.555
5/24/2016 9:15,136240,168174,136.24,840.87
5/24/2016 9:16,137750,170455,137.75,852.275
5/24/2016 9:17,138960,172756,138.96,863.78
5/24/2016 9:18,139525,175089,139.525,875.445
5/24/2016 9:19,140740,177438,140.74,887.19
5/24/2016 9:20,141740,179806,141.74,899.03
5/24/2016 9:21,142855,182176,142.855,910.88
5/24/2016 9:22,143555,184560,143.555,922.8
5/24/2016 9:23,144375,186960,144.375,934.8
5/24/2016 9:24,144630,189373,144.63,946.865
5/24/2016 9:25,145485,191795,145.485,958.975
5/24/2016 9:26,145885,194221,145.885,971.105
5/24/2016 9:27,146795,196660,146.795,983.3
5/24/2016 9:28,147545,199106,147.545,995.53
5/24/2016 9:29,146715,201568,146.715,1007.84
5/24/2016 9:30,149420,204040,149.42,1020.2
5/24/2016 9:31,149850,206536,149.85,1032.68
5/24/2016 9:32,150705,209043,150.705,1045.215
5/24/2016 9:33,151610,211557,151.61,1057.785
5/24/2016 9:34,152225,214086,152.225,1070.43
5/24/2016 9:35,152595,216624,152.595,1083.12
5/24/2016 9:36,153560,219177,153.56,1095.885
5/24/2016 9:37,153460,221735,153.46,1108.675
5/24/2016 9:38,154625,224291,154.625,1121.455
5/24/2016 9:39,153370,226867,153.37,1134.335
5/24/2016 9:40,155785,229465,155.785,1147.325
5/24/2016 9:41,156000,232061,156,1160.305
5/24/2016 9:42,156700,234666,156.7,1173.33
5/24/2016 9:43,157160,237278,157.16,1186.39
5/24/2016 9:44,156570,239895,156.57,1199.475
5/24/2016 9:45,158320,242521,158.32,1212.605
5/24/2016 9:46,158990,245161,158.99,1225.805
5/24/2016 9:47,159345,247831,159.345,1239.155
5/24/2016 9:48,159650,250484,159.65,1252.42
5/24/2016 9:49,160065,253153,160.065,1265.765
5/24/2016 9:50,161085,255830,161.085,1279.15
5/24/2016 9:51,161430,258518,161.43,1292.59
5/24/2016 9:52,161890,261226,161.89,1306.13
5/24/2016 9:53,162640,263941,162.64,1319.705
5/24/2016 9:54,161955,266644,161.955,1333.22
5/24/2016 9:55,163710,269342,163.71,1346.71
5/24/2016 9:56,164120,272068,164.12,1360.34
5/24/2016 9:57,164675,274822,164.675,1374.11
5/24/2016 9:58,164830,277567,164.83,1387.835
5/24/2016 9:59,164950,280325,164.95,1401.625
5/24/2016 10:00,166415,283080,166.415,1415.4
5/24/2016 10:01,166165,285864,166.165,1429.32
5/24/2016 10:02,166620,288402,166.62,1442.01
5/24/2016 10:03,166680,291178,166.68,1455.89
5/24/2016 10:04,166830,293919,166.83,1469.595
5/24/2016 10:05,167635,296718,167.635,1483.59
5/24/2016 10:06,167895,299494,167.895,1497.47
5/24/2016 10:07,168710,302311,168.71,1511.555
5/24/2016 10:08,169775,305144,169.775,1525.72
5/24/2016 10:09,168880,307973,168.88,1539.865
5/24/2016 10:10,170390,310803,170.39,1554.015
5/24/2016 10:11,170850,313646,170.85,1568.23
5/24/2016 10:12,171500,316519,171.5,1582.595
5/24/2016 10:13,172070,319383,172.07,1596.915
5/24/2016 10:14,170770,322248,170.77,1611.24
5/24/2016 10:15,172675,325117,172.675,1625.585
5/24/2016 10:16,173800,328004,173.8,1640.02
5/24/2016 10:17,173540,330896,173.54,1654.48
5/24/2016 10:18,173490,333784,173.49,1668.92
5/24/2016 10:19,174100,336680,174.1,1683.4
5/24/2016 10:20,174860,339586,174.86,1697.93
5/24/2016 10:21,175070,342515,175.07,1712.575
5/24/2016 10:22,175575,345695,175.575,1728.475
5/24/2016 10:23,176090,348378,176.09,1741.89
5/24/2016 10:24,174880,351330,174.88,1756.65
5/24/2016 10:25,176240,354262,176.24,1771.31
5/24/2016 10:26,176245,357185,176.245,1785.925
5/24/2016 10:27,176895,360130,176.895,1800.65
5/24/2016 10:28,176690,363076,176.69,1815.38
5/24/2016 10:29,176350,366024,176.35,1830.12
5/24/2016 10:30,177350,368969,177.35,1844.845
5/24/2016 10:31,177810,371927,177.81,1859.635
5/24/2016 10:32,177610,374892,177.61,1874.46
5/24/2016 10:33,177970,377897,177.97,1889.485
5/24/2016 10:34,177755,381096,177.755,1905.48
5/24/2016 10:35,177855,383829,177.855,1919.145
5/24/2016 10:36,178310,386797,178.31,1933.985
5/24/2016 10:37,178160,390016,178.16,1950.08
5/24/2016 10:38,179490,392749,179.49,1963.745
5/24/2016 10:39,179185,395737,179.185,1978.685
5/24/2016 10:40,179785,398726,179.785,1993.63
5/24/2016 10:41,179835,401965,179.835,2009.825
5/24/2016 10:42,179890,404711,179.89,2023.555
5/24/2016 10:43,180505,407714,180.505,2038.57
5/24/2016 10:44,179505,410723,179.505,2053.615
5/24/2016 10:45,180560,413730,180.56,2068.65
5/24/2016 10:46,180715,416741,180.715,2083.705
5/24/2016 10:47,180560,419752,180.56,2098.76
5/24/2016 10:48,180870,422765,180.87,2113.825
5/24/2016 10:49,181635,425788,181.635,2128.94
5/24/2016 10:50,181840,428821,181.84,2144.105
5/24/2016 10:51,181995,431854,181.995,2159.27
5/24/2016 10:52,181845,434890,181.845,2174.45
5/24/2016 10:53,182545,437923,182.545,2189.615
5/24/2016 10:54,181040,440962,181.04,2204.81
5/24/2016 10:55,182705,444003,182.705,2220.015
5/24/2016 10:56,183915,447309,183.915,2236.545
5/24/2016 10:57,183715,450115,183.715,2250.575
5/24/2016 10:58,183820,453175,183.82,2265.875
5/24/2016 10:59,182420,456238,182.42,2281.19
5/24/2016 11:00,184015,459337,184.015,2296.685
5/24/2016 11:01,183560,462373,183.56,2311.865
5/24/2016 11:02,183865,465393,183.865,2326.965
5/24/2016 11:03,184575,468479,184.575,2342.395
5/24/2016 11:04,184635,471811,184.635,2359.055
5/24/2016 11:05,184430,474890,184.43,2374.45
5/24/2016 11:06,184730,477936,184.73,2389.68
5/24/2016 11:07,184330,480805,184.33,2404.025
5/24/2016 11:08,184275,483876,184.275,2419.38
5/24/2016 11:09,182375,486897,182.375,2434.485
5/24/2016 11:10,184770,490224,184.77,2451.12
5/24/2016 11:11,185185,493305,185.185,2466.525
5/24/2016 11:12,185245,496391,185.245,2481.955
5/24/2016 11:13,185390,499220,185.39,2496.1
5/24/2016 11:14,184950,502311,184.95,2511.555
5/24/2016 11:15,185850,505405,185.85,2527.025
5/24/2016 11:16,185500,508755,185.5,2543.775
5/24/2016 11:17,186160,511853,186.16,2559.265
5/24/2016 11:18,186165,514952,186.165,2574.76
5/24/2016 11:19,185715,517795,185.715,2588.975
5/24/2016 11:20,185600,520891,185.6,2604.455
5/24/2016 11:21,184890,523980,184.89,2619.9
5/24/2016 11:22,185090,527098,185.09,2635.49
5/24/2016 11:23,186105,530461,186.105,2652.305
5/24/2016 11:24,185160,533564,185.16,2667.82
5/24/2016 11:25,186355,536410,186.355,2682.05
5/24/2016 11:26,185845,539775,185.845,2698.875
5/24/2016 11:27,185435,542611,185.435,2713.055
5/24/2016 11:28,185135,545969,185.135,2729.845
5/24/2016 11:29,184085,549056,184.085,2745.28
5/24/2016 11:30,185740,551887,185.74,2759.435
5/24/2016 11:31,185995,555248,185.995,2776.24
5/24/2016 11:32,185800,558089,185.8,2790.445
5/24/2016 11:33,185595,561183,185.595,2805.915
5/24/2016 11:34,185040,564527,185.04,2822.635
5/24/2016 11:35,185240,567614,185.24,2838.07
5/24/2016 11:36,185335,570702,185.335,2853.51
5/24/2016 11:37,185185,573790,185.185,2868.95
5/24/2016 11:38,184830,576616,184.83,2883.08
5/24/2016 11:39,184190,579963,184.19,2899.815
5/24/2016 11:40,185500,583054,185.5,2915.27
5/24/2016 11:41,185800,585928,185.8,2929.64
5/24/2016 11:42,185755,589027,185.755,2945.135
5/24/2016 11:43,185500,592378,185.5,2961.89
5/24/2016 11:44,184990,595466,184.99,2977.33
5/24/2016 11:45,185185,598550,185.185,2992.75
5/24/2016 11:46,184925,601376,184.925,3006.88
5/24/2016 11:47,184780,604714,184.78,3023.57
5/24/2016 11:48,184220,607788,184.22,3038.94
5/24/2016 11:49,184215,610857,184.215,3054.285
5/24/2016 11:50,183705,613668,183.705,3068.34
5/24/2016 11:51,183500,616683,183.5,3083.415
5/24/2016 11:52,183695,619979,183.695,3099.895
5/24/2016 11:53,184005,622785,184.005,3113.925
5/24/2016 11:54,181810,626103,181.81,3130.515
5/24/2016 11:55,183095,628901,183.095,3144.505
5/24/2016 11:56,182645,632198,182.645,3160.99
5/24/2016 11:57,182140,635017,182.14,3175.085
5/24/2016 11:58,181775,638045,181.775,3190.225
5/24/2016 11:59,180930,641074,180.93,3205.37
5/24/2016 12:00,181735,644098,181.735,3220.49
5/24/2016 12:01,181985,647396,181.985,3236.98
5/24/2016 12:02,182080,650177,182.08,3250.885
5/24/2016 12:03,181730,653465,181.73,3267.325
5/24/2016 12:04,181880,656496,181.88,3282.48
5/24/2016 12:05,181630,659528,181.63,3297.64
5/24/2016 12:06,181420,662314,181.42,3311.57
5/24/2016 12:07,181160,665368,181.16,3326.84
5/24/2016 12:08,180855,668596,180.855,3342.98
5/24/2016 12:09,180655,671356,180.655,3356.78
5/24/2016 12:10,180415,674655,180.415,3373.275
5/24/2016 12:11,180455,677661,180.455,3388.305
5/24/2016 12:12,180510,680668,180.51,3403.34
5/24/2016 12:13,180610,683647,180.61,3418.235
5/24/2016 12:14,179055,686649,179.055,3433.245
5/24/2016 12:15,180200,689650,180.2,3448.25
5/24/2016 12:16,180005,692667,180.005,3463.335
5/24/2016 12:17,179750,695665,179.75,3478.325
5/24/2016 12:18,179230,698653,179.23,3493.265
5/24/2016 12:19,178820,701635,178.82,3508.175
5/24/2016 12:20,178170,704607,178.17,3523.035
5/24/2016 12:21,178010,707573,178.01,3537.865
5/24/2016 12:22,177460,710248,177.46,3551.24
5/24/2016 12:23,177350,713205,177.35,3566.025
5/24/2016 12:24,176555,716410,176.555,3582.05
5/24/2016 12:25,176745,719355,176.745,3596.775
5/24/2016 12:26,176955,722053,176.955,3610.265
5/24/2016 12:27,176045,725255,176.045,3626.275
5/24/2016 12:28,175950,728216,175.95,3641.08
5/24/2016 12:29,174440,731144,174.44,3655.72
5/24/2016 12:30,175895,733822,175.895,3669.11
5/24/2016 12:31,175495,737008,175.495,3685.04
5/24/2016 12:32,175295,739934,175.295,3699.67
5/24/2016 12:33,174840,742852,174.84,3714.26
5/24/2016 12:34,174315,745729,174.315,3728.645
5/24/2016 12:35,173205,748594,173.205,3742.97
5/24/2016 12:36,173870,751488,173.87,3757.44
5/24/2016 12:37,173510,754397,173.51,3771.985
5/24/2016 12:38,173205,757281,173.205,3786.405
5/24/2016 12:39,172205,760171,172.205,3800.855
5/24/2016 12:40,172500,763053,172.5,3815.265
5/24/2016 12:41,171730,765919,171.73,3829.595
5/24/2016 12:42,172240,768788,172.24,3843.94
5/24/2016 12:43,172595,771655,172.595,3858.275
5/24/2016 12:44,170835,774285,170.835,3871.425
5/24/2016 12:45,171730,777418,171.73,3887.09
5/24/2016 12:46,171425,780276,171.425,3901.38
5/24/2016 12:47,171525,783135,171.525,3915.675
5/24/2016 12:48,170040,785746,170.04,3928.73
5/24/2016 12:49,169695,788827,169.695,3944.135
5/24/2016 12:50,168965,791678,168.965,3958.39
5/24/2016 12:51,168675,794493,168.675,3972.465
5/24/2016 12:52,168330,797069,168.33,3985.345
5/24/2016 12:53,168985,800115,168.985,4000.575
5/24/2016 12:54,168885,802932,168.885,4014.66
5/24/2016 12:55,168330,805713,168.33,4028.565
5/24/2016 12:56,167615,808527,167.615,4042.635
5/24/2016 12:57,166545,811312,166.545,4056.56
5/24/2016 12:58,166395,814087,166.395,4070.435
5/24/2016 12:59,165445,816856,165.445,4084.28
5/24/2016 13:00,165880,819619,165.88,4098.095
5/24/2016 13:01,165420,822394,165.42,4111.97
5/24/2016 13:02,164710,825143,164.71,4125.715
5/24/2016 13:03,164350,827885,164.35,4139.425
5/24/2016 13:04,163245,830616,163.245,4153.08
5/24/2016 13:05,162835,833335,162.835,4166.675
5/24/2016 13:06,162835,836043,162.835,4180.215
5/24/2016 13:07,162480,838753,162.48,4193.765
5/24/2016 13:08,162430,841462,162.43,4207.31
5/24/2016 13:09,161820,844166,161.82,4220.83
5/24/2016 13:10,161925,846812,161.925,4234.06
5/24/2016 13:11,161575,849281,161.575,4246.405
5/24/2016 13:12,160905,851986,160.905,4259.93
5/24/2016 13:13,160145,854672,160.145,4273.36
5/24/2016 13:14,159395,857343,159.395,4286.715
5/24/2016 13:15,159780,860025,159.78,4300.125
5/24/2016 13:16,159845,862686,159.845,4313.43
5/24/2016 13:17,159435,865346,159.435,4326.73
5/24/2016 13:18,158720,867997,158.72,4339.985
5/24/2016 13:19,158015,870634,158.015,4353.17
5/24/2016 13:20,156845,873275,156.845,4366.375
5/24/2016 13:21,157245,875893,157.245,4379.465
5/24/2016 13:22,156525,878510,156.525,4392.55
5/24/2016 13:23,156085,881115,156.085,4405.575
5/24/2016 13:24,154135,883710,154.135,4418.55
5/24/2016 13:25,153620,886280,153.62,4431.4
5/24/2016 13:26,153355,888864,153.355,4444.32
5/24/2016 13:27,152140,891391,152.14,4456.955
5/24/2016 13:28,151845,893904,151.845,4469.52
5/24/2016 13:29,150845,896437,150.845,4482.185
5/24/2016 13:30,150985,898933,150.985,4494.665
5/24/2016 13:31,150325,901473,150.325,4507.365
5/24/2016 13:32,149570,903975,149.57,4519.875
5/24/2016 13:33,148695,906462,148.695,4532.31
5/24/2016 13:34,147830,908938,147.83,4544.69
5/24/2016 13:35,147265,911412,147.265,4557.06
5/24/2016 13:36,146265,913859,146.265,4569.295
5/24/2016 13:37,145790,916296,145.79,4581.48
5/24/2016 13:38,145085,918722,145.085,4593.61
5/24/2016 13:39,144140,921139,144.14,4605.695
5/24/2016 13:40,144840,923554,144.84,4617.77
5/24/2016 13:41,144610,925963,144.61,4629.815
5/24/2016 13:42,144270,928378,144.27,4641.89
5/24/2016 13:43,145420,930787,145.42,4653.935
5/24/2016 13:44,144550,933223,144.55,4666.115
5/24/2016 13:45,144675,935630,144.675,4678.15
5/24/2016 13:46,143585,938035,143.585,4690.175
5/24/2016 13:47,143055,940426,143.055,4702.13
5/24/2016 13:48,142490,942808,142.49,4714.04
5/24/2016 13:49,141945,945176,141.945,4725.88
5/24/2016 13:50,141715,947542,141.715,4737.71
5/24/2016 13:51,141310,949869,141.31,4749.345
5/24/2016 13:52,140905,952224,140.905,4761.12
5/24/2016 13:53,140225,954570,140.225,4772.85
5/24/2016 13:54,139195,956900,139.195,4784.5
5/24/2016 13:55,138640,959415,138.64,4797.075
5/24/2016 13:56,138200,961526,138.2,4807.63
5/24/2016 13:57,138140,963872,138.14,4819.36
5/24/2016 13:58,136815,966162,136.815,4830.81
5/24/2016 13:59,136055,968439,136.055,4842.195
5/24/2016 14:00,135685,970703,135.685,4853.515
5/24/2016 14:01,134815,972913,134.815,4864.565
5/24/2016 14:02,134040,975165,134.04,4875.825
5/24/2016 14:03,133270,977392,133.27,4886.96
5/24/2016 14:04,132610,979621,132.61,4898.105
5/24/2016 14:05,132115,981827,132.115,4909.135
5/24/2016 14:06,130920,984020,130.92,4920.1
5/24/2016 14:07,130315,986381,130.315,4931.905
5/24/2016 14:08,129845,988372,129.845,4941.86
5/24/2016 14:09,127625,990703,127.625,4953.515
5/24/2016 14:10,128630,992845,128.63,4964.225
5/24/2016 14:11,127735,994801,127.735,4974.005
5/24/2016 14:12,127220,996931,127.22,4984.655
5/24/2016 14:13,126725,999048,126.725,4995.24
5/24/2016 14:14,126050,1001326,126.05,5006.63
5/24/2016 14:15,124910,1003269,124.91,5016.345
5/24/2016 14:16,123900,1005345,123.9,5026.725
5/24/2016 14:17,123600,1007405,123.6,5037.025
5/24/2016 14:18,122620,1009460,122.62,5047.3
5/24/2016 14:19,122310,1011504,122.31,5057.52
5/24/2016 14:20,121345,1013704,121.345,5068.52
5/24/2016 14:21,120585,1015553,120.585,5077.765
5/24/2016 14:22,119630,1017724,119.63,5088.62
5/24/2016 14:23,118815,1019545,118.815,5097.725
5/24/2016 14:24,117390,1021519,117.39,5107.595
5/24/2016 14:25,117495,1023639,117.495,5118.195
5/24/2016 14:26,115970,1025420,115.97,5127.1
5/24/2016 14:27,114965,1027347,114.965,5136.735
5/24/2016 14:28,113835,1029410,113.835,5147.05
5/24/2016 14:29,113040,1031142,113.04,5155.71
5/24/2016 14:30,112160,1033019,112.16,5165.095
5/24/2016 14:31,110980,1034855,110.98,5174.275
5/24/2016 14:32,109790,1036714,109.79,5183.57
5/24/2016 14:33,109030,1038677,109.03,5193.385
5/24/2016 14:34,108075,1040495,108.075,5202.475
5/24/2016 14:35,107035,1042146,107.035,5210.73
5/24/2016 14:36,105570,1044081,105.57,5220.405
5/24/2016 14:37,104645,1045701,104.645,5228.505
5/24/2016 14:38,103530,1047580,103.53,5237.9
5/24/2016 14:39,101705,1049293,101.705,5246.465
5/24/2016 14:40,101345,1050985,101.345,5254.925
5/24/2016 14:41,100515,1052527,100.515,5262.635
5/24/2016 14:42,99395,1054193,99.395,5270.965
5/24/2016 14:43,97780,1055979,97.78,5279.895
5/24/2016 14:44,96190,1057600,96.19,5288
5/24/2016 14:45,95245,1059058,95.245,5295.29
5/24/2016 14:46,94470,1060641,94.47,5303.205
5/24/2016 14:47,93095,1062340,93.095,5311.7
5/24/2016 14:48,92180,1063755,92.18,5318.775
5/24/2016 14:49,91360,1065283,91.36,5326.415
5/24/2016 14:50,90310,1066934,90.31,5334.67
5/24/2016 14:51,89895,1068287,89.895,5341.435
5/24/2016 14:52,88670,1069899,88.67,5349.495
5/24/2016 14:53,87415,1071227,87.415,5356.135
5/24/2016 14:54,85360,1072791,85.36,5363.955
5/24/2016 14:55,85295,1074224,85.295,5371.12
5/24/2016 14:56,84165,1075635,84.165,5378.175
5/24/2016 14:57,83370,1077033,83.37,5385.165
5/24/2016 14:58,82210,1078414,82.21,5392.07
5/24/2016 14:59,80385,1079678,80.385,5398.39
5/24/2016 15:00,80180,1081026,80.18,5405.13
5/24/2016 15:01,78315,1082457,78.315,5412.285
5/24/2016 15:02,77555,1083754,77.555,5418.77
5/24/2016 15:03,75680,1085029,75.68,5425.145
5/24/2016 15:04,74665,1086292,74.665,5431.46
5/24/2016 15:05,73590,1087527,73.59,5437.635
5/24/2016 15:06,72640,1088641,72.64,5443.205
5/24/2016 15:07,71910,1089847,71.91,5449.235
5/24/2016 15:08,70825,1091136,70.825,5455.68
5/24/2016 15:09,69535,1092291,69.535,5461.455
5/24/2016 15:10,69005,1093364,69.005,5466.82
5/24/2016 15:11,67985,1094505,67.985,5472.525
5/24/2016 15:12,66730,1095629,66.73,5478.145
5/24/2016 15:13,65775,1096736,65.775,5483.68
5/24/2016 15:14,64220,1097818,64.22,5489.09
5/24/2016 15:15,63045,1098880,63.045,5494.4
5/24/2016 15:16,62445,1099928,62.445,5499.64
5/24/2016 15:17,61020,1101043,61.02,5505.215
5/24/2016 15:18,60210,1101958,60.21,5509.79
5/24/2016 15:19,59305,1102960,59.305,5514.8
5/24/2016 15:20,58400,1104013,58.4,5520.065
5/24/2016 15:21,57370,1104982,57.37,5524.91
5/24/2016 15:22,56105,1105851,56.105,5529.255
5/24/2016 15:23,55285,1106776,55.285,5533.88
5/24/2016 15:24,53990,1107779,53.99,5538.895
5/24/2016 15:25,53035,1108675,53.035,5543.375
5/24/2016 15:26,52025,1109545,52.025,5547.725
5/24/2016 15:27,51165,1110399,51.165,5551.995
5/24/2016 15:28,50500,1111244,50.5,5556.22
5/24/2016 15:29,49285,1112074,49.285,5560.37
5/24/2016 15:30,48980,1112893,48.98,5564.465
5/24/2016 15:31,48120,1113703,48.12,5568.515
5/24/2016 15:32,47205,1114496,47.205,5572.48
5/24/2016 15:33,46240,1115286,46.24,5576.43
5/24/2016 15:34,45530,1116042,45.53,5580.21
5/24/2016 15:35,44765,1116796,44.765,5583.98
5/24/2016 15:36,43995,1117535,43.995,5587.675
5/24/2016 15:37,43080,1118203,43.08,5591.015
5/24/2016 15:38,42215,1118975,42.215,5594.875
5/24/2016 15:39,41200,1119674,41.2,5598.37
5/24/2016 15:40,40230,1120297,40.23,5601.485
5/24/2016 15:41,39620,1121014,39.62,5605.07
5/24/2016 15:42,38505,1121675,38.505,5608.375
5/24/2016 15:43,37500,1122253,37.5,5611.265
5/24/2016 15:44,36230,1122872,36.23,5614.36
5/24/2016 15:45,35770,1123534,35.77,5617.67
5/24/2016 15:46,34910,1124121,34.91,5620.605
5/24/2016 15:47,33895,1124695,33.895,5623.475
5/24/2016 15:48,33335,1125254,33.335,5626.27
5/24/2016 15:49,32570,1125803,32.57,5629.015
5/24/2016 15:50,31760,1126338,31.76,5631.69
5/24/2016 15:51,30890,1126819,30.89,5634.095
5/24/2016 15:52,30325,1127374,30.325,5636.87
5/24/2016 15:53,29565,1127833,29.565,5639.165
5/24/2016 15:54,28445,1128322,28.445,5641.61
5/24/2016 15:55,27775,1128834,27.775,5644.17
5/24/2016 15:56,27715,1129294,27.715,5646.47
5/24/2016 15:57,26245,1129740,26.245,5648.7
5/24/2016 15:58,25430,1130173,25.43,5650.865
5/24/2016 15:59,25015,1130595,25.015,5652.975
5/24/2016 16:00,24455,1131006,24.455,5655.03
5/24/2016 16:01,23850,1131411,23.85,5657.055
5/24/2016 16:02,23395,1131801,23.395,5659.005
5/24/2016 16:03,22580,1132184,22.58,5660.92
5/24/2016 16:04,21970,1132549,21.97,5662.745
5/24/2016 16:05,21305,1132913,21.305,5664.565
5/24/2016 16:06,20745,1133263,20.745,5666.315
5/24/2016 16:07,20180,1133603,20.18,5668.015
5/24/2016 16:08,19475,1133939,19.475,5669.695
5/24/2016 16:09,18660,1134255,18.66,5671.275
5/24/2016 16:10,18350,1134565,18.35,5672.825
5/24/2016 16:11,17940,1134866,17.94,5674.33
5/24/2016 16:12,17180,1135158,17.18,5675.79
5/24/2016 16:13,16970,1135442,16.97,5677.21
5/24/2016 16:14,16010,1135717,16.01,5678.585
5/24/2016 16:15,15845,1135984,15.845,5679.92
5/24/2016 16:16,15180,1136242,15.18,5681.21
5/24/2016 16:17,14920,1136492,14.92,5682.46
5/24/2016 16:18,14245,1136733,14.245,5683.665
5/24/2016 16:19,13750,1136966,13.75,5684.83
5/24/2016 16:20,13190,1137191,13.19,5685.955
5/24/2016 16:21,12775,1137410,12.775,5687.05
5/24/2016 16:22,12365,1137619,12.365,5688.095
5/24/2016 16:23,11805,1137821,11.805,5689.105
5/24/2016 16:24,11145,1138009,11.145,5690.045
5/24/2016 16:25,10590,1138192,10.59,5690.96
5/24/2016 16:26,10080,1138365,10.08,5691.825
5/24/2016 16:27,9520,1138528,9.52,5692.64
5/24/2016 16:28,8955,1138684,8.955,5693.42
5/24/2016 16:29,8705,1138832,8.705,5694.16
5/24/2016 16:30,8445,1138974,8.445,5694.87
5/24/2016 16:31,8135,1139112,8.135,5695.56
5/24/2016 16:32,7680,1139245,7.68,5696.225
5/24/2016 16:33,7370,1139370,7.37,5696.85
5/24/2016 16:34,6960,1139488,6.96,5697.44
5/24/2016 16:35,6605,1139601,6.605,5698.005
5/24/2016 16:36,6295,1139709,6.295,5698.545
5/24/2016 16:37,5835,1139808,5.835,5699.04
5/24/2016 16:38,5630,1139905,5.63,5699.525
5/24/2016 16:39,5125,1139994,5.125,5699.97
5/24/2016 16:40,4815,1140076,4.815,5700.38
5/24/2016 16:41,4605,1140155,4.605,5700.775
5/24/2016 16:42,4305,1140228,4.305,5701.14
5/24/2016 16:43,3800,1140298,3.8,5701.49
5/24/2016 16:44,3740,1140361,3.74,5701.805
5/24/2016 16:45,3530,1140420,3.53,5702.1
5/24/2016 16:46,3130,1140477,3.13,5702.385
5/24/2016 16:47,3025,1140527,3.025,5702.635
5/24/2016 16:48,2625,1140575,2.625,5702.875
5/24/2016 16:49,2470,1140618,2.47,5703.09
5/24/2016 16:50,2210,1140658,2.21,5703.29
5/24/2016 16:51,1955,1140694,1.955,5703.47
5/24/2016 16:52,2005,1140726,2.005,5703.63
5/24/2016 16:53,1595,1140756,1.595,5703.78
5/24/2016 16:54,1450,1140782,1.45,5703.91
5/24/2016 16:55,1445,1140806,1.445,5704.03
5/24/2016 16:56,1295,1140827,1.295,5704.135
5/24/2016 16:57,1090,1140845,1.09,5704.225
5/24/2016 16:58,890,1140860,0.89,5704.3
5/24/2016 16:59,685,1140874,0.685,5704.37
5/24/2016 17:00,585,1140886,0.585,5704.43
5/24/2016 17:01,385,1140897,0.385,5704.485
5/24/2016 17:02,575,1140907,0.575,5704.535
5/24/2016 17:03,275,1140915,0.275,5704.575
5/24/2016 17:04,275,1140924,0.275,5704.62
5/24/2016 17:05,75,1140932,0.075,5704.66
5/24/2016 17:06,25,1140939,0.025,5704.695
5/24/2016 17:07,0,1140946,0,5704.73
5/24/2016 17:08,0,1140952,0,5704.76
5/24/2016 17:09,0,1140958,0,5704.79
5/24/2016 17:10,0,1140964,0,5704.82
5/24/2016 17:11,0,1140970,0,5704.85
5/24/2016 17:12,0,1140975,0,5704.875
5/24/2016 17:13,0,1140980,0,5704.9
5/24/2016 17:14,0,1140985,0,5704.925
5/24/2016 17:15,0,1140989,0,5704.945
5/24/2016 17:16,0,1140994,0,5704.97
5/24/2016 17:17,0,1140999,0,5704.995
5/24/2016 17:18,0,1141003,0,5705.015
5/24/2016 17:19,0,1141007,0,5705.035
5/24/2016 17:20,0,1141012,0,5705.06
5/24/2016 17:21,0,1141015,0,5705.075
5/24/2016 17:22,0,1141016,0,5705.08
5/24/2016 17:23,0,1141016,0,5705.08
5/24/2016 17:24,0,1141016,0,5705.08
5/24/2016 17:25,0,1141016,0,5705.08
5/24/2016 17:26,0,1141016,0,5705.08
5/24/2016 17:27,0,1141016,0,5705.08
5/24/2016 17:28,0,1141016,0,5705.08
5/24/2016 17:29,0,1141016,0,5705.08
5/24/2016 17:30,0,1141016,0,5705.08
5/24/2016 17:31,0,1141016,0,5705.08
5/24/2016 17:32,0,1141016,0,5705.08
5/24/2016 17:33,0,1141016,0,5705.08
5/24/2016 17:34,0,1141016,0,5705.08
5/24/2016 17:35,0,1141016,0,5705.08
5/24/2016 17:36,0,1141016,0,5705.08
5/24/2016 17:37,0,1141016,0,5705.08
5/24/2016 17:38,0,1141016,0,5705.08
5/24/2016 17:39,0,1141016,0,5705.08
5/24/2016 17:40,0,1141016,0,5705.08
5/24/2016 17:41,0,1141016,0,5705.08
5/24/2016 17:42,0,1141016,0,5705.08
5/24/2016 17:43,0,1141016,0,5705.08
5/24/2016 17:44,0,1141016,0,5705.08
5/24/2016 17:45,0,1141016,0,5705.08
5/24/2016 17:46,0,1141016,0,5705.08
5/24/2016 17:47,0,1141016,0,5705.08
5/24/2016 17:48,0,1141016,0,5705.08
5/24/2016 17:49,0,1141016,0,5705.08
5/24/2016 17:50,0,1141016,0,5705.08
5/24/2016 17:51,0,1141016,0,5705.08
5/24/2016 17:52,0,1141016,0,5705.08
5/24/2016 17:53,0,1141016,0,5705.08
5/24/2016 17:54,0,1141016,0,5705.08
5/24/2016 17:55,0,1141016,0,5705.08
5/24/2016 17:56,0,1141016,0,5705.08
5/24/2016 17:57,0,1141016,0,5705.08
5/24/2016 17:58,0,1141016,0,5705.08
5/24/2016 17:59,0,1141016,0,5705.08
5/24/2016 18:00,0,1141016,0,5705.08
5/24/2016 18:01,0,1141016,0,5705.08
5/24/2016 18:02,0,1141016,0,5705.08
5/24/2016 18:03,0,1141016,0,5705.08
5/24/2016 18:04,0,1141016,0,5705.08
5/24/2016 18:05,0,1141016,0,5705.08
5/24/2016 18:06,0,1141016,0,5705.08
5/24/2016 18:07,0,1141016,0,5705.08
5/24/2016 18:08,0,1141016,0,5705.08
5/24/2016 18:09,0,1141016,0,5705.08
5/24/2016 18:10,0,1141016,0,5705.08
5/24/2016 18:11,0,1141016,0,5705.08
5/24/2016 18:12,0,1141016,0,5705.08
5/24/2016 18:13,0,1141016,0,5705.08
5/24/2016 18:14,0,1141016,0,5705.08
5/24/2016 18:15,0,1141016,0,5705.08
5/24/2016 18:16,0,1141016,0,5705.08
5/24/2016 18:17,0,1141016,0,5705.08
5/24/2016 18:18,0,1141016,0,5705.08
5/24/2016 18:19,0,1141016,0,5705.08
5/24/2016 18:20,0,1141016,0,5705.08
5/24/2016 18:21,0,1141016,0,5705.08
5/24/2016 18:22,0,1141016,0,5705.08
5/24/2016 18:23,0,1141016,0,5705.08
5/24/2016 18:24,0,1141016,0,5705.08
5/24/2016 18:25,0,1141016,0,5705.08
5/24/2016 18:26,0,1141016,0,5705.08
5/24/2016 18:27,0,1141016,0,5705.08
5/24/2016 18:28,0,1141016,0,5705.08
5/24/2016 18:29,0,1141016,0,5705.08
5/24/2016 18:30,0,1141016,0,5705.08
5/24/2016 18:31,0,1141016,0,5705.08
5/24/2016 18:32,0,1141016,0,5705.08
5/24/2016 18:33,0,1141016,0,5705.08
5/24/2016 18:34,0,1141016,0,5705.08
5/24/2016 18:35,0,1141016,0,5705.08
5/24/2016 18:36,0,1141016,0,5705.08
5/24/2016 18:37,0,1141016,0,5705.08
5/24/2016 18:38,0,1141016,0,5705.08
5/24/2016 18:39,0,1141016,0,5705.08
5/24/2016 18:40,0,1141016,0,5705.08
5/24/2016 18:41,0,1141016,0,5705.08
5/24/2016 18:42,0,1141016,0,5705.08
5/24/2016 18:43,0,1141016,0,5705.08
5/24/2016 18:44,0,1141016,0,5705.08
5/24/2016 18:45,0,1141016,0,5705.08
5/24/2016 18:46,0,1141016,0,5705.08
5/24/2016 18:47,0,1141016,0,5705.08
5/24/2016 18:48,0,1141016,0,5705.08
5/24/2016 18:49,0,1141016,0,5705.08
5/24/2016 18:50,0,1141016,0,5705.08
5/24/2016 18:51,0,1141016,0,5705.08
5/24/2016 18:52,0,1141016,0,5705.08
5/24/2016 18:53,0,1141016,0,5705.08
5/24/2016 18:54,0,1141016,0,5705.08
5/24/2016 18:55,0,1141016,0,5705.08
5/24/2016 18:56,0,1141016,0,5705.08
5/24/2016 18:57,0,1141016,0,5705.08
5/24/2016 18:58,0,1141016,0,5705.08
5/24/2016 18:59,0,1141016,0,5705.08
5/24/2016 19:00,0,1141016,0,5705.08
