time,power (W),energy (Wh),power(kW),energy (kWh),total power,total energy
1/7/2016 5:00,0,0,0,0,0,0
1/7/2016 5:01,0,0,0,0,0,0
1/7/2016 5:02,0,0,0,0,0,0
1/7/2016 5:03,0,0,0,0,0,0
1/7/2016 5:04,0,0,0,0,0,0
1/7/2016 5:05,0,0,0,0,0,0
1/7/2016 5:06,0,0,0,0,0,0
1/7/2016 5:07,0,0,0,0,0,0
1/7/2016 5:08,0,0,0,0,0,0
1/7/2016 5:09,0,0,0,0,0,0
1/7/2016 5:10,0,0,0,0,0,0
1/7/2016 5:11,0,0,0,0,0,0
1/7/2016 5:12,0,0,0,0,0,0
1/7/2016 5:13,0,0,0,0,0,0
1/7/2016 5:14,0,0,0,0,0,0
1/7/2016 5:15,0,0,0,0,0,0
1/7/2016 5:16,0,0,0,0,0,0
1/7/2016 5:17,19200,64,19.2,0.064,96,0.32
1/7/2016 5:18,22500,384,22.5,0.384,112.5,1.92
1/7/2016 5:19,25500,768,25.5,0.768,127.5,3.84
1/7/2016 5:20,29300,1280,29.3,1.28,146.5,6.4
1/7/2016 5:21,32400,1792,32.4,1.792,162,8.96
1/7/2016 5:22,36300,2368,36.3,2.368,181.5,11.84
1/7/2016 5:23,40100,3008,40.1,3.008,200.5,15.04
1/7/2016 5:24,43700,3712,43.7,3.712,218.5,18.56
1/7/2016 5:25,47500,4480,47.5,4.48,237.5,22.4
1/7/2016 5:26,51700,5312,51.7,5.312,258.5,26.56
1/7/2016 5:27,55900,6208,55.9,6.208,279.5,31.04
1/7/2016 5:28,60500,7168,60.5,7.168,302.5,35.84
1/7/2016 5:29,65300,8192,65.3,8.192,326.5,40.96
1/7/2016 5:30,71100,9280,71.1,9.28,355.5,46.4
1/7/2016 5:31,77100,10560,77.1,10.56,385.5,52.8
1/7/2016 5:32,83300,11904,83.3,11.904,416.5,59.52
1/7/2016 5:33,89300,13312,89.3,13.312,446.5,66.56
1/7/2016 5:34,95500,14912,95.5,14.912,477.5,74.56
1/7/2016 5:35,101400,16512,101.4,16.512,507,82.56
1/7/2016 5:36,108200,18304,108.2,18.304,541,91.52
1/7/2016 5:37,114500,20096,114.5,20.096,572.5,100.48
1/7/2016 5:38,119300,22080,119.3,22.08,596.5,110.4
1/7/2016 5:39,123600,24064,123.6,24.064,618,120.32
1/7/2016 5:40,126900,26176,126.9,26.176,634.5,130.88
1/7/2016 5:41,130200,28288,130.2,28.288,651,141.44
1/7/2016 5:42,134000,30464,134,30.464,670,152.32
1/7/2016 5:43,137000,32768,137,32.768,685,163.84
1/7/2016 5:44,139500,35072,139.5,35.072,697.5,175.36
1/7/2016 5:45,142000,37504,142,37.504,710,187.52
1/7/2016 5:46,145300,39808,145.3,39.808,726.5,199.04
1/7/2016 5:47,148900,42304,148.9,42.304,744.5,211.52
1/7/2016 5:48,152500,44800,152.5,44.8,762.5,224
1/7/2016 5:49,155800,47424,155.8,47.424,779,237.12
1/7/2016 5:50,159100,49984,159.1,49.984,795.5,249.92
1/7/2016 5:51,161900,52672,161.9,52.672,809.5,263.36
1/7/2016 5:52,164600,55360,164.6,55.36,823,276.8
1/7/2016 5:53,167800,58176,167.8,58.176,839,290.88
1/7/2016 5:54,172600,60992,172.6,60.992,863,304.96
1/7/2016 5:55,178900,63872,178.9,63.872,894.5,319.36
1/7/2016 5:56,187500,67008,187.5,67.008,937.5,335.04
1/7/2016 5:57,197300,70208,197.3,70.208,986.5,351.04
1/7/2016 5:58,207400,73280,207.4,73.28,1037,366.4
1/7/2016 5:59,218200,76864,218.2,76.864,1091,384.32
1/7/2016 6:00,229400,80576,229.4,80.576,1147,402.88
1/7/2016 6:01,240800,84480,240.8,84.48,1204,422.4
1/7/2016 6:02,252100,88576,252.1,88.576,1260.5,442.88
1/7/2016 6:03,263600,92864,263.6,92.864,1318,464.32
1/7/2016 6:04,274200,97408,274.2,97.408,1371,487.04
1/7/2016 6:05,283900,102080,283.9,102.08,1419.5,510.4
1/7/2016 6:06,292500,106816,292.5,106.816,1462.5,534.08
1/7/2016 6:07,299400,111808,299.4,111.808,1497,559.04
1/7/2016 6:08,305300,116864,305.3,116.864,1526.5,584.32
1/7/2016 6:09,309200,121984,309.2,121.984,1546,609.92
1/7/2016 6:10,312700,127168,312.7,127.168,1563.5,635.84
1/7/2016 6:11,315300,132416,315.3,132.416,1576.5,662.08
1/7/2016 6:12,318300,137792,318.3,137.792,1591.5,688.96
1/7/2016 6:13,320800,143104,320.8,143.104,1604,715.52
1/7/2016 6:14,323700,148480,323.7,148.48,1618.5,742.4
1/7/2016 6:15,326000,153920,326,153.92,1630,769.6
1/7/2016 6:16,328700,159424,328.7,159.424,1643.5,797.12
1/7/2016 6:17,330900,164864,330.9,164.864,1654.5,824.32
1/7/2016 6:18,333900,170368,333.9,170.368,1669.5,851.84
1/7/2016 6:19,336800,176000,336.8,176,1684,880
1/7/2016 6:20,339900,181568,339.9,181.568,1699.5,907.84
1/7/2016 6:21,344700,187264,344.7,187.264,1723.5,936.32
1/7/2016 6:22,351100,193088,351.1,193.088,1755.5,965.44
1/7/2016 6:23,359900,198976,359.9,198.976,1799.5,994.88
1/7/2016 6:24,370400,205120,370.4,205.12,1852,1025.6
1/7/2016 6:25,382600,211392,382.6,211.392,1913,1056.96
1/7/2016 6:26,394800,217920,394.8,217.92,1974,1089.6
1/7/2016 6:27,407000,224576,407,224.576,2035,1122.88
1/7/2016 6:28,418500,231488,418.5,231.488,2092.5,1157.44
1/7/2016 6:29,430400,238464,430.4,238.464,2152,1192.32
1/7/2016 6:30,442400,245824,442.4,245.824,2212,1229.12
1/7/2016 6:31,453900,253184,453.9,253.184,2269.5,1265.92
1/7/2016 6:32,465600,260864,465.6,260.864,2328,1304.32
1/7/2016 6:33,475700,268672,475.7,268.672,2378.5,1343.36
1/7/2016 6:34,483800,276672,483.8,276.672,2419,1383.36
1/7/2016 6:35,490100,284864,490.1,284.864,2450.5,1424.32
1/7/2016 6:36,495100,293120,495.1,293.12,2475.5,1465.6
1/7/2016 6:37,499400,301376,499.4,301.376,2497,1506.88
1/7/2016 6:38,503300,309696,503.3,309.696,2516.5,1548.48
1/7/2016 6:39,506900,318208,506.9,318.208,2534.5,1591.04
1/7/2016 6:40,510000,326080,510,326.08,2550,1630.4
1/7/2016 6:41,514600,335168,514.6,335.168,2573,1675.84
1/7/2016 6:42,518300,343808,518.3,343.808,2591.5,1719.04
1/7/2016 6:43,521600,352512,521.6,352.512,2608,1762.56
1/7/2016 6:44,524500,361280,524.5,361.28,2622.5,1806.4
1/7/2016 6:45,527700,370112,527.7,370.112,2638.5,1850.56
1/7/2016 6:46,530400,378880,530.4,378.88,2652,1894.4
1/7/2016 6:47,532600,387712,532.6,387.712,2663,1938.56
1/7/2016 6:48,534600,396608,534.6,396.608,2673,1983.04
1/7/2016 6:49,536400,405504,536.4,405.504,2682,2027.52
1/7/2016 6:50,538700,413760,538.7,413.76,2693.5,2068.8
1/7/2016 6:51,539700,422720,539.7,422.72,2698.5,2113.6
1/7/2016 6:52,541800,431680,541.8,431.68,2709,2158.4
1/7/2016 6:53,543400,440768,543.4,440.768,2717,2203.84
1/7/2016 6:54,545000,449920,545,449.92,2725,2249.6
1/7/2016 6:55,547300,459776,547.3,459.776,2736.5,2298.88
1/7/2016 6:56,549300,468864,549.3,468.864,2746.5,2344.32
1/7/2016 6:57,550800,478080,550.8,478.08,2754,2390.4
1/7/2016 6:58,552500,486464,552.5,486.464,2762.5,2432.32
1/7/2016 6:59,554400,495808,554.4,495.808,2772,2479.04
1/7/2016 7:00,555800,505024,555.8,505.024,2779,2525.12
1/7/2016 7:01,557400,514304,557.4,514.304,2787,2571.52
1/7/2016 7:02,558700,523584,558.7,523.584,2793.5,2617.92
1/7/2016 7:03,560300,532864,560.3,532.864,2801.5,2664.32
1/7/2016 7:04,561400,542272,561.4,542.272,2807,2711.36
1/7/2016 7:05,562900,551680,562.9,551.68,2814.5,2758.4
1/7/2016 7:06,565000,561664,565,561.664,2825,2808.32
1/7/2016 7:07,566300,571200,566.3,571.2,2831.5,2856
1/7/2016 7:08,567700,580608,567.7,580.608,2838.5,2903.04
1/7/2016 7:09,569000,590080,569,590.08,2845,2950.4
1/7/2016 7:10,570300,599616,570.3,599.616,2851.5,2998.08
1/7/2016 7:11,571200,609088,571.2,609.088,2856,3045.44
1/7/2016 7:12,572000,618560,572,618.56,2860,3092.8
1/7/2016 7:13,573100,627392,573.1,627.392,2865.5,3136.96
1/7/2016 7:14,574000,636992,574,636.992,2870,3184.96
1/7/2016 7:15,575200,646464,575.2,646.464,2876,3232.32
1/7/2016 7:16,576500,656064,576.5,656.064,2882.5,3280.32
1/7/2016 7:17,577900,665792,577.9,665.792,2889.5,3328.96
1/7/2016 7:18,578800,675392,578.8,675.392,2894,3376.96
1/7/2016 7:19,580100,685696,580.1,685.696,2900.5,3428.48
1/7/2016 7:20,581400,695360,581.4,695.36,2907,3476.8
1/7/2016 7:21,582700,705088,582.7,705.088,2913.5,3525.44
1/7/2016 7:22,583800,714880,583.8,714.88,2919,3574.4
1/7/2016 7:23,584500,723904,584.5,723.904,2922.5,3619.52
1/7/2016 7:24,585500,733760,585.5,733.76,2927.5,3668.8
1/7/2016 7:25,586900,743360,586.9,743.36,2934.5,3716.8
1/7/2016 7:26,588000,753280,588,753.28,2940,3766.4
1/7/2016 7:27,589600,763072,589.6,763.072,2948,3815.36
1/7/2016 7:28,590600,772864,590.6,772.864,2953,3864.32
1/7/2016 7:29,592000,782784,592,782.784,2960,3913.92
1/7/2016 7:30,593100,792704,593.1,792.704,2965.5,3963.52
1/7/2016 7:31,594100,802688,594.1,802.688,2970.5,4013.44
1/7/2016 7:32,595700,812608,595.7,812.608,2978.5,4063.04
1/7/2016 7:33,596800,822464,596.8,822.464,2984,4112.32
1/7/2016 7:34,597100,832512,597.1,832.512,2985.5,4162.56
1/7/2016 7:35,597100,842368,597.1,842.368,2985.5,4211.84
1/7/2016 7:36,597600,852416,597.6,852.416,2988,4262.08
1/7/2016 7:37,598400,862400,598.4,862.4,2992,4312
1/7/2016 7:38,599400,872320,599.4,872.32,2997,4361.6
1/7/2016 7:39,600200,882304,600.2,882.304,3001,4411.52
1/7/2016 7:40,600500,892416,600.5,892.416,3002.5,4462.08
1/7/2016 7:41,601000,902400,601,902.4,3005,4512
1/7/2016 7:42,601600,912384,601.6,912.384,3008,4561.92
1/7/2016 7:43,601900,922560,601.9,922.56,3009.5,4612.8
1/7/2016 7:44,602400,932608,602.4,932.608,3012,4663.04
1/7/2016 7:45,603100,942592,603.1,942.592,3015.5,4712.96
1/7/2016 7:46,603900,952512,603.9,952.512,3019.5,4762.56
1/7/2016 7:47,604400,962624,604.4,962.624,3022,4813.12
1/7/2016 7:48,605200,972672,605.2,972.672,3026,4863.36
1/7/2016 7:49,605300,982784,605.3,982.784,3026.5,4913.92
1/7/2016 7:50,605900,992896,605.9,992.896,3029.5,4964.48
1/7/2016 7:51,606400,1003008,606.4,1003.008,3032,5015.04
1/7/2016 7:52,607000,1013120,607,1013.12,3035,5065.6
1/7/2016 7:53,607300,1023168,607.3,1023.168,3036.5,5115.84
1/7/2016 7:54,607900,1033408,607.9,1033.408,3039.5,5167.04
1/7/2016 7:55,608500,1043520,608.5,1043.52,3042.5,5217.6
1/7/2016 7:56,609500,1053696,609.5,1053.696,3047.5,5268.48
1/7/2016 7:57,610200,1063872,610.2,1063.872,3051,5319.36
1/7/2016 7:58,610000,1074112,610,1074.112,3050,5370.56
1/7/2016 7:59,610500,1084224,610.5,1084.224,3052.5,5421.12
1/7/2016 8:00,610300,1094400,610.3,1094.4,3051.5,5472
1/7/2016 8:01,610100,1104576,610.1,1104.576,3050.5,5522.88
1/7/2016 8:02,610000,1114688,610,1114.688,3050,5573.44
1/7/2016 8:03,609900,1124864,609.9,1124.864,3049.5,5624.32
1/7/2016 8:04,609400,1134976,609.4,1134.976,3047,5674.88
1/7/2016 8:05,609400,1145216,609.4,1145.216,3047,5726.08
1/7/2016 8:06,609400,1155200,609.4,1155.2,3047,5776
1/7/2016 8:07,609800,1165568,609.8,1165.568,3049,5827.84
1/7/2016 8:08,609900,1175616,609.9,1175.616,3049.5,5878.08
1/7/2016 8:09,610500,1185792,610.5,1185.792,3052.5,5928.96
1/7/2016 8:10,611400,1195968,611.4,1195.968,3057,5979.84
1/7/2016 8:11,612700,1206208,612.7,1206.208,3063.5,6031.04
1/7/2016 8:12,614000,1216384,614,1216.384,3070,6081.92
1/7/2016 8:13,614800,1226688,614.8,1226.688,3074,6133.44
1/7/2016 8:14,614900,1236864,614.9,1236.864,3074.5,6184.32
1/7/2016 8:15,614400,1247104,614.4,1247.104,3072,6235.52
1/7/2016 8:16,614300,1257408,614.3,1257.408,3071.5,6287.04
1/7/2016 8:17,614300,1267584,614.3,1267.584,3071.5,6337.92
1/7/2016 8:18,614100,1277888,614.1,1277.888,3070.5,6389.44
1/7/2016 8:19,614000,1288064,614,1288.064,3070,6440.32
1/7/2016 8:20,613800,1298368,613.8,1298.368,3069,6491.84
1/7/2016 8:21,613100,1308608,613.1,1308.608,3065.5,6543.04
1/7/2016 8:22,614100,1318784,614.1,1318.784,3070.5,6593.92
1/7/2016 8:23,614000,1329088,614,1329.088,3070,6645.44
1/7/2016 8:24,613500,1339264,613.5,1339.264,3067.5,6696.32
1/7/2016 8:25,613000,1349504,613,1349.504,3065,6747.52
1/7/2016 8:26,613100,1359680,613.1,1359.68,3065.5,6798.4
1/7/2016 8:27,613700,1369984,613.7,1369.984,3068.5,6849.92
1/7/2016 8:28,614700,1380160,614.7,1380.16,3073.5,6900.8
1/7/2016 8:29,615100,1390400,615.1,1390.4,3075.5,6952
1/7/2016 8:30,615600,1400704,615.6,1400.704,3078,7003.52
1/7/2016 8:31,615700,1410880,615.7,1410.88,3078.5,7054.4
1/7/2016 8:32,615600,1421120,615.6,1421.12,3078,7105.6
1/7/2016 8:33,615400,1431360,615.4,1431.36,3077,7156.8
1/7/2016 8:34,615200,1441664,615.2,1441.664,3076,7208.32
1/7/2016 8:35,615200,1451904,615.2,1451.904,3076,7259.52
1/7/2016 8:36,615500,1462208,615.5,1462.208,3077.5,7311.04
1/7/2016 8:37,615500,1472384,615.5,1472.384,3077.5,7361.92
1/7/2016 8:38,615600,1482688,615.6,1482.688,3078,7413.44
1/7/2016 8:39,615800,1492864,615.8,1492.864,3079,7464.32
1/7/2016 8:40,616800,1503168,616.8,1503.168,3084,7515.84
1/7/2016 8:41,617500,1513472,617.5,1513.472,3087.5,7567.36
1/7/2016 8:42,617700,1523776,617.7,1523.776,3088.5,7618.88
1/7/2016 8:43,617600,1534016,617.6,1534.016,3088,7670.08
1/7/2016 8:44,617800,1544384,617.8,1544.384,3089,7721.92
1/7/2016 8:45,618200,1554688,618.2,1554.688,3091,7773.44
1/7/2016 8:46,618000,1564992,618,1564.992,3090,7824.96
1/7/2016 8:47,617800,1575296,617.8,1575.296,3089,7876.48
1/7/2016 8:48,616800,1585600,616.8,1585.6,3084,7928
1/7/2016 8:49,617200,1595904,617.2,1595.904,3086,7979.52
1/7/2016 8:50,617800,1606208,617.8,1606.208,3089,8031.04
1/7/2016 8:51,618400,1616512,618.4,1616.512,3092,8082.56
1/7/2016 8:52,619700,1626688,619.7,1626.688,3098.5,8133.44
1/7/2016 8:53,620600,1636992,620.6,1636.992,3103,8184.96
1/7/2016 8:54,620700,1647424,620.7,1647.424,3103.5,8237.12
1/7/2016 8:55,620300,1657664,620.3,1657.664,3101.5,8288.32
1/7/2016 8:56,619700,1668096,619.7,1668.096,3098.5,8340.48
1/7/2016 8:57,619400,1678400,619.4,1678.4,3097,8392
1/7/2016 8:58,619700,1688704,619.7,1688.704,3098.5,8443.52
1/7/2016 8:59,619400,1699072,619.4,1699.072,3097,8495.36
1/7/2016 9:00,619900,1709376,619.9,1709.376,3099.5,8546.88
1/7/2016 9:01,620400,1719680,620.4,1719.68,3102,8598.4
1/7/2016 9:02,621000,1730112,621,1730.112,3105,8650.56
1/7/2016 9:03,621100,1740480,621.1,1740.48,3105.5,8702.4
1/7/2016 9:04,621400,1750720,621.4,1750.72,3107,8753.6
1/7/2016 9:05,621700,1761216,621.7,1761.216,3108.5,8806.08
1/7/2016 9:06,622500,1771520,622.5,1771.52,3112.5,8857.6
1/7/2016 9:07,622900,1781888,622.9,1781.888,3114.5,8909.44
1/7/2016 9:08,623200,1792064,623.2,1792.064,3116,8960.32
1/7/2016 9:09,623400,1802496,623.4,1802.496,3117,9012.48
1/7/2016 9:10,623500,1812864,623.5,1812.864,3117.5,9064.32
1/7/2016 9:11,623800,1823424,623.8,1823.424,3119,9117.12
1/7/2016 9:12,625500,1833664,625.5,1833.664,3127.5,9168.32
1/7/2016 9:13,630100,1844160,630.1,1844.16,3150.5,9220.8
1/7/2016 9:14,629800,1854784,629.8,1854.784,3149,9273.92
1/7/2016 9:15,629700,1865216,629.7,1865.216,3148.5,9326.08
1/7/2016 9:16,629500,1875712,629.5,1875.712,3147.5,9378.56
1/7/2016 9:17,619900,1886208,619.9,1886.208,3099.5,9431.04
1/7/2016 9:18,612200,1896192,612.2,1896.192,3061,9480.96
1/7/2016 9:19,623200,1906624,623.2,1906.624,3116,9533.12
1/7/2016 9:20,624500,1916992,624.5,1916.992,3122.5,9584.96
1/7/2016 9:21,625200,1927168,625.2,1927.168,3126,9635.84
1/7/2016 9:22,624500,1937600,624.5,1937.6,3122.5,9688
1/7/2016 9:23,624000,1948096,624,1948.096,3120,9740.48
1/7/2016 9:24,624300,1958464,624.3,1958.464,3121.5,9792.32
1/7/2016 9:25,626300,1968896,626.3,1968.896,3131.5,9844.48
1/7/2016 9:26,626000,1979264,626,1979.264,3130,9896.32
1/7/2016 9:27,626800,1989824,626.8,1989.824,3134,9949.12
1/7/2016 9:28,628200,2000320,628.2,2000.32,3141,10001.6
1/7/2016 9:29,630100,2010816,630.1,2010.816,3150.5,10054.08
1/7/2016 9:30,630100,2021184,630.1,2021.184,3150.5,10105.92
1/7/2016 9:31,628900,2031680,628.9,2031.68,3144.5,10158.4
1/7/2016 9:32,629800,2042304,629.8,2042.304,3149,10211.52
1/7/2016 9:33,629800,2052800,629.8,2052.8,3149,10264
1/7/2016 9:34,629600,2063296,629.6,2063.296,3148,10316.48
1/7/2016 9:35,629700,2073664,629.7,2073.664,3148.5,10368.32
1/7/2016 9:36,630000,2084160,630,2084.16,3150,10420.8
1/7/2016 9:37,629600,2094720,629.6,2094.72,3148,10473.6
1/7/2016 9:38,629800,2105280,629.8,2105.28,3149,10526.4
1/7/2016 9:39,629600,2115776,629.6,2115.776,3148,10578.88
1/7/2016 9:40,629700,2126272,629.7,2126.272,3148.5,10631.36
1/7/2016 9:41,629800,2136768,629.8,2136.768,3149,10683.84
1/7/2016 9:42,629700,2147200,629.7,2147.2,3148.5,10736
1/7/2016 9:43,629700,2157760,629.7,2157.76,3148.5,10788.8
1/7/2016 9:44,629800,2168320,629.8,2168.32,3149,10841.6
1/7/2016 9:45,629600,2178816,629.6,2178.816,3148,10894.08
1/7/2016 9:46,629700,2189312,629.7,2189.312,3148.5,10946.56
1/7/2016 9:47,629800,2199808,629.8,2199.808,3149,10999.04
1/7/2016 9:48,630000,2210304,630,2210.304,3150,11051.52
1/7/2016 9:49,629700,2220800,629.7,2220.8,3148.5,11104
1/7/2016 9:50,629700,2231296,629.7,2231.296,3148.5,11156.48
1/7/2016 9:51,629700,2241792,629.7,2241.792,3148.5,11208.96
1/7/2016 9:52,629600,2252288,629.6,2252.288,3148,11261.44
1/7/2016 9:53,629600,2262784,629.6,2262.784,3148,11313.92
1/7/2016 9:54,630000,2273408,630,2273.408,3150,11367.04
1/7/2016 9:55,629800,2283776,629.8,2283.776,3149,11418.88
1/7/2016 9:56,629800,2294080,629.8,2294.08,3149,11470.4
1/7/2016 9:57,629800,2304704,629.8,2304.704,3149,11523.52
1/7/2016 9:58,629800,2315200,629.8,2315.2,3149,11576
1/7/2016 9:59,629700,2325696,629.7,2325.696,3148.5,11628.48
1/7/2016 10:00,629800,2336064,629.8,2336.064,3149,11680.32
1/7/2016 10:01,630000,2346688,630,2346.688,3150,11733.44
1/7/2016 10:02,629800,2357184,629.8,2357.184,3149,11785.92
1/7/2016 10:03,629800,2367808,629.8,2367.808,3149,11839.04
1/7/2016 10:04,629800,2378368,629.8,2378.368,3149,11891.84
1/7/2016 10:05,629700,2388672,629.7,2388.672,3148.5,11943.36
1/7/2016 10:06,629600,2399168,629.6,2399.168,3148,11995.84
1/7/2016 10:07,629700,2409920,629.7,2409.92,3148.5,12049.6
1/7/2016 10:08,629800,2420288,629.8,2420.288,3149,12101.44
1/7/2016 10:09,629800,2430912,629.8,2430.912,3149,12154.56
1/7/2016 10:10,571600,2441024,571.6,2441.024,2858,12205.12
1/7/2016 10:11,630300,2450624,630.3,2450.624,3151.5,12253.12
1/7/2016 10:12,531500,2459520,531.5,2459.52,2657.5,12297.6
1/7/2016 10:13,629700,2469376,629.7,2469.376,3148.5,12346.88
1/7/2016 10:14,629600,2479872,629.6,2479.872,3148,12399.36
1/7/2016 10:15,630000,2490368,630,2490.368,3150,12451.84
1/7/2016 10:16,629700,2500864,629.7,2500.864,3148.5,12504.32
1/7/2016 10:17,629800,2511488,629.8,2511.488,3149,12557.44
1/7/2016 10:18,629800,2521984,629.8,2521.984,3149,12609.92
1/7/2016 10:19,629800,2532416,629.8,2532.416,3149,12662.08
1/7/2016 10:20,630000,2542912,630,2542.912,3150,12714.56
1/7/2016 10:21,629700,2553408,629.7,2553.408,3148.5,12767.04
1/7/2016 10:22,630000,2563904,630,2563.904,3150,12819.52
1/7/2016 10:23,631500,2574464,631.5,2574.464,3157.5,12872.32
1/7/2016 10:24,629700,2584896,629.7,2584.896,3148.5,12924.48
1/7/2016 10:25,629700,2594688,629.7,2594.688,3148.5,12973.44
1/7/2016 10:26,629800,2605312,629.8,2605.312,3149,13026.56
1/7/2016 10:27,629600,2615680,629.6,2615.68,3148,13078.4
1/7/2016 10:28,629700,2626176,629.7,2626.176,3148.5,13130.88
1/7/2016 10:29,629800,2636800,629.8,2636.8,3149,13184
1/7/2016 10:30,629800,2647296,629.8,2647.296,3149,13236.48
1/7/2016 10:31,629800,2657792,629.8,2657.792,3149,13288.96
1/7/2016 10:32,629700,2668992,629.7,2668.992,3148.5,13344.96
1/7/2016 10:33,629700,2679488,629.7,2679.488,3148.5,13397.44
1/7/2016 10:34,630000,2689984,630,2689.984,3150,13449.92
1/7/2016 10:35,629700,2699776,629.7,2699.776,3148.5,13498.88
1/7/2016 10:36,629500,2710272,629.5,2710.272,3147.5,13551.36
1/7/2016 10:37,629800,2720768,629.8,2720.768,3149,13603.84
1/7/2016 10:38,629800,2731264,629.8,2731.264,3149,13656.32
1/7/2016 10:39,629800,2741824,629.8,2741.824,3149,13709.12
1/7/2016 10:40,629800,2752320,629.8,2752.32,3149,13761.6
1/7/2016 10:41,629800,2762816,629.8,2762.816,3149,13814.08
1/7/2016 10:42,629600,2773312,629.6,2773.312,3148,13866.56
1/7/2016 10:43,629700,2783872,629.7,2783.872,3148.5,13919.36
1/7/2016 10:44,629600,2794368,629.6,2794.368,3148,13971.84
1/7/2016 10:45,629800,2804864,629.8,2804.864,3149,14024.32
1/7/2016 10:46,629600,2815424,629.6,2815.424,3148,14077.12
1/7/2016 10:47,630000,2825920,630,2825.92,3150,14129.6
1/7/2016 10:48,629600,2836288,629.6,2836.288,3148,14181.44
1/7/2016 10:49,629700,2846912,629.7,2846.912,3148.5,14234.56
1/7/2016 10:50,630000,2857408,630,2857.408,3150,14287.04
1/7/2016 10:51,629700,2867904,629.7,2867.904,3148.5,14339.52
1/7/2016 10:52,629700,2878400,629.7,2878.4,3148.5,14392
1/7/2016 10:53,629800,2888896,629.8,2888.896,3149,14444.48
1/7/2016 10:54,630000,2899264,630,2899.264,3150,14496.32
1/7/2016 10:55,629600,2909888,629.6,2909.888,3148,14549.44
1/7/2016 10:56,629800,2920384,629.8,2920.384,3149,14601.92
1/7/2016 10:57,629700,2930880,629.7,2930.88,3148.5,14654.4
1/7/2016 10:58,629800,2941376,629.8,2941.376,3149,14706.88
1/7/2016 10:59,629800,2951872,629.8,2951.872,3149,14759.36
1/7/2016 11:00,629700,2962368,629.7,2962.368,3148.5,14811.84
1/7/2016 11:01,629800,2972864,629.8,2972.864,3149,14864.32
1/7/2016 11:02,629800,2983360,629.8,2983.36,3149,14916.8
1/7/2016 11:03,629800,2993920,629.8,2993.92,3149,14969.6
1/7/2016 11:04,630000,3004480,630,3004.48,3150,15022.4
1/7/2016 11:05,629800,3014976,629.8,3014.976,3149,15074.88
1/7/2016 11:06,629800,3025408,629.8,3025.408,3149,15127.04
1/7/2016 11:07,629700,3035904,629.7,3035.904,3148.5,15179.52
1/7/2016 11:08,629800,3046400,629.8,3046.4,3149,15232
1/7/2016 11:09,630000,3056896,630,3056.896,3150,15284.48
1/7/2016 11:10,629800,3067392,629.8,3067.392,3149,15336.96
1/7/2016 11:11,630000,3077888,630,3077.888,3150,15389.44
1/7/2016 11:12,629700,3088512,629.7,3088.512,3148.5,15442.56
1/7/2016 11:13,629600,3098880,629.6,3098.88,3148,15494.4
1/7/2016 11:14,629700,3109376,629.7,3109.376,3148.5,15546.88
1/7/2016 11:15,629700,3119872,629.7,3119.872,3148.5,15599.36
1/7/2016 11:16,629800,3130496,629.8,3130.496,3149,15652.48
1/7/2016 11:17,629700,3140992,629.7,3140.992,3148.5,15704.96
1/7/2016 11:18,629700,3151488,629.7,3151.488,3148.5,15757.44
1/7/2016 11:19,629800,3161984,629.8,3161.984,3149,15809.92
1/7/2016 11:20,629800,3172480,629.8,3172.48,3149,15862.4
1/7/2016 11:21,629700,3183104,629.7,3183.104,3148.5,15915.52
1/7/2016 11:22,629800,3193664,629.8,3193.664,3149,15968.32
1/7/2016 11:23,629700,3204160,629.7,3204.16,3148.5,16020.8
1/7/2016 11:24,630000,3214720,630,3214.72,3150,16073.6
1/7/2016 11:25,629700,3225216,629.7,3225.216,3148.5,16126.08
1/7/2016 11:26,629600,3235712,629.6,3235.712,3148,16178.56
1/7/2016 11:27,629700,3246272,629.7,3246.272,3148.5,16231.36
1/7/2016 11:28,629800,3256704,629.8,3256.704,3149,16283.52
1/7/2016 11:29,629600,3266496,629.6,3266.496,3148,16332.48
1/7/2016 11:30,629800,3276992,629.8,3276.992,3149,16384.96
1/7/2016 11:31,629800,3287488,629.8,3287.488,3149,16437.44
1/7/2016 11:32,629700,3298112,629.7,3298.112,3148.5,16490.56
1/7/2016 11:33,629600,3308480,629.6,3308.48,3148,16542.4
1/7/2016 11:34,629700,3319104,629.7,3319.104,3148.5,16595.52
1/7/2016 11:35,629600,3329600,629.6,3329.6,3148,16648
1/7/2016 11:36,630000,3340096,630,3340.096,3150,16700.48
1/7/2016 11:37,629700,3350464,629.7,3350.464,3148.5,16752.32
1/7/2016 11:38,630000,3361088,630,3361.088,3150,16805.44
1/7/2016 11:39,629700,3371520,629.7,3371.52,3148.5,16857.6
1/7/2016 11:40,629800,3382016,629.8,3382.016,3149,16910.08
1/7/2016 11:41,629700,3392512,629.7,3392.512,3148.5,16962.56
1/7/2016 11:42,629500,3403072,629.5,3403.072,3147.5,17015.36
1/7/2016 11:43,629600,3413568,629.6,3413.568,3148,17067.84
1/7/2016 11:44,630000,3424064,630,3424.064,3150,17120.32
1/7/2016 11:45,629700,3434560,629.7,3434.56,3148.5,17172.8
1/7/2016 11:46,629500,3445120,629.5,3445.12,3147.5,17225.6
1/7/2016 11:47,629800,3455616,629.8,3455.616,3149,17278.08
1/7/2016 11:48,629700,3466112,629.7,3466.112,3148.5,17330.56
1/7/2016 11:49,629800,3476800,629.8,3476.8,3149,17384
1/7/2016 11:50,629700,3487168,629.7,3487.168,3148.5,17435.84
1/7/2016 11:51,629700,3497792,629.7,3497.792,3148.5,17488.96
1/7/2016 11:52,629800,3508288,629.8,3508.288,3149,17541.44
1/7/2016 11:53,629800,3518784,629.8,3518.784,3149,17593.92
1/7/2016 11:54,629700,3529280,629.7,3529.28,3148.5,17646.4
1/7/2016 11:55,629700,3539712,629.7,3539.712,3148.5,17698.56
1/7/2016 11:56,629600,3550272,629.6,3550.272,3148,17751.36
1/7/2016 11:57,629700,3560768,629.7,3560.768,3148.5,17803.84
1/7/2016 11:58,629700,3571264,629.7,3571.264,3148.5,17856.32
1/7/2016 11:59,629700,3581760,629.7,3581.76,3148.5,17908.8
1/7/2016 12:00,629700,3592320,629.7,3592.32,3148.5,17961.6
1/7/2016 12:01,629600,3602816,629.6,3602.816,3148,18014.08
1/7/2016 12:02,630000,3613376,630,3613.376,3150,18066.88
1/7/2016 12:03,629800,3623808,629.8,3623.808,3149,18119.04
1/7/2016 12:04,629700,3634304,629.7,3634.304,3148.5,18171.52
1/7/2016 12:05,629800,3644864,629.8,3644.864,3149,18224.32
1/7/2016 12:06,629700,3655296,629.7,3655.296,3148.5,18276.48
1/7/2016 12:07,629800,3665920,629.8,3665.92,3149,18329.6
1/7/2016 12:08,629700,3676416,629.7,3676.416,3148.5,18382.08
1/7/2016 12:09,629600,3686912,629.6,3686.912,3148,18434.56
1/7/2016 12:10,629600,3696512,629.6,3696.512,3148,18482.56
1/7/2016 12:11,629800,3707200,629.8,3707.2,3149,18536
1/7/2016 12:12,629500,3717504,629.5,3717.504,3147.5,18587.52
1/7/2016 12:13,629600,3728192,629.6,3728.192,3148,18640.96
1/7/2016 12:14,629700,3738688,629.7,3738.688,3148.5,18693.44
1/7/2016 12:15,629700,3749184,629.7,3749.184,3148.5,18745.92
1/7/2016 12:16,629800,3759680,629.8,3759.68,3149,18798.4
1/7/2016 12:17,630000,3770176,630,3770.176,3150,18850.88
1/7/2016 12:18,629800,3780672,629.8,3780.672,3149,18903.36
1/7/2016 12:19,629800,3791168,629.8,3791.168,3149,18955.84
1/7/2016 12:20,629700,3801664,629.7,3801.664,3148.5,19008.32
1/7/2016 12:21,629700,3812160,629.7,3812.16,3148.5,19060.8
1/7/2016 12:22,629800,3822720,629.8,3822.72,3149,19113.6
1/7/2016 12:23,629800,3833216,629.8,3833.216,3149,19166.08
1/7/2016 12:24,629700,3843776,629.7,3843.776,3148.5,19218.88
1/7/2016 12:25,629500,3854208,629.5,3854.208,3147.5,19271.04
1/7/2016 12:26,629800,3864704,629.8,3864.704,3149,19323.52
1/7/2016 12:27,629800,3875200,629.8,3875.2,3149,19376
1/7/2016 12:28,629800,3885696,629.8,3885.696,3149,19428.48
1/7/2016 12:29,629700,3896320,629.7,3896.32,3148.5,19481.6
1/7/2016 12:30,629600,3906816,629.6,3906.816,3148,19534.08
1/7/2016 12:31,629600,3917312,629.6,3917.312,3148,19586.56
1/7/2016 12:32,629600,3927808,629.6,3927.808,3148,19639.04
1/7/2016 12:33,629800,3938304,629.8,3938.304,3149,19691.52
1/7/2016 12:34,629800,3948800,629.8,3948.8,3149,19744
1/7/2016 12:35,629700,3959296,629.7,3959.296,3148.5,19796.48
1/7/2016 12:36,629700,3969792,629.7,3969.792,3148.5,19848.96
1/7/2016 12:37,629700,3980288,629.7,3980.288,3148.5,19901.44
1/7/2016 12:38,628400,3990784,628.4,3990.784,3142,19953.92
1/7/2016 12:39,156500,3996864,156.5,3996.864,782.5,19984.32
1/7/2016 12:40,159200,3999104,159.2,3999.104,796,19995.52
1/7/2016 12:41,287600,4002688,287.6,4002.688,1438,20013.44
1/7/2016 12:42,376800,4008192,376.8,4008.192,1884,20040.96
1/7/2016 12:43,500400,4015488,500.4,4015.488,2502,20077.44
1/7/2016 12:44,626100,4024768,626.1,4024.768,3130.5,20123.84
1/7/2016 12:45,629800,4035520,629.8,4035.52,3149,20177.6
1/7/2016 12:46,629600,4046016,629.6,4046.016,3148,20230.08
1/7/2016 12:47,629700,4056512,629.7,4056.512,3148.5,20282.56
1/7/2016 12:48,629700,4067008,629.7,4067.008,3148.5,20335.04
1/7/2016 12:49,629600,4077568,629.6,4077.568,3148,20387.84
1/7/2016 12:50,629500,4088064,629.5,4088.064,3147.5,20440.32
1/7/2016 12:51,630000,4098496,630,4098.496,3150,20492.48
1/7/2016 12:52,630000,4108992,630,4108.992,3150,20544.96
1/7/2016 12:53,629600,4119488,629.6,4119.488,3148,20597.44
1/7/2016 12:54,629600,4129984,629.6,4129.984,3148,20649.92
1/7/2016 12:55,629700,4140480,629.7,4140.48,3148.5,20702.4
1/7/2016 12:56,629700,4151104,629.7,4151.104,3148.5,20755.52
1/7/2016 12:57,630000,4161600,630,4161.6,3150,20808
1/7/2016 12:58,629600,4172096,629.6,4172.096,3148,20860.48
1/7/2016 12:59,629700,4182464,629.7,4182.464,3148.5,20912.32
1/7/2016 13:00,629600,4193088,629.6,4193.088,3148,20965.44
1/7/2016 13:01,629800,4203776,629.8,4203.776,3149,21018.88
1/7/2016 13:02,629800,4213376,629.8,4213.376,3149,21066.88
1/7/2016 13:03,629800,4224704,629.8,4224.704,3149,21123.52
1/7/2016 13:04,629800,4234368,629.8,4234.368,3149,21171.84
1/7/2016 13:05,629700,4244864,629.7,4244.864,3148.5,21224.32
1/7/2016 13:06,629800,4255424,629.8,4255.424,3149,21277.12
1/7/2016 13:07,630000,4265984,630,4265.984,3150,21329.92
1/7/2016 13:08,629700,4276480,629.7,4276.48,3148.5,21382.4
1/7/2016 13:09,630100,4286976,630.1,4286.976,3150.5,21434.88
1/7/2016 13:10,629800,4297408,629.8,4297.408,3149,21487.04
1/7/2016 13:11,629800,4307968,629.8,4307.968,3149,21539.84
1/7/2016 13:12,629700,4318720,629.7,4318.72,3148.5,21593.6
1/7/2016 13:13,629600,4329216,629.6,4329.216,3148,21646.08
1/7/2016 13:14,629700,4339584,629.7,4339.584,3148.5,21697.92
1/7/2016 13:15,630000,4350080,630,4350.08,3150,21750.4
1/7/2016 13:16,628000,4360576,628,4360.576,3140,21802.88
1/7/2016 13:17,630000,4371072,630,4371.072,3150,21855.36
1/7/2016 13:18,629500,4381568,629.5,4381.568,3147.5,21907.84
1/7/2016 13:19,629700,4392064,629.7,4392.064,3148.5,21960.32
1/7/2016 13:20,629800,4402624,629.8,4402.624,3149,22013.12
1/7/2016 13:21,629700,4413120,629.7,4413.12,3148.5,22065.6
1/7/2016 13:22,629600,4423616,629.6,4423.616,3148,22118.08
1/7/2016 13:23,629800,4434176,629.8,4434.176,3149,22170.88
1/7/2016 13:24,629700,4444864,629.7,4444.864,3148.5,22224.32
1/7/2016 13:25,629700,4455168,629.7,4455.168,3148.5,22275.84
1/7/2016 13:26,629700,4465792,629.7,4465.792,3148.5,22328.96
1/7/2016 13:27,629700,4476416,629.7,4476.416,3148.5,22382.08
1/7/2016 13:28,629800,4486912,629.8,4486.912,3149,22434.56
1/7/2016 13:29,629800,4497280,629.8,4497.28,3149,22486.4
1/7/2016 13:30,630000,4507776,630,4507.776,3150,22538.88
1/7/2016 13:31,630000,4518400,630,4518.4,3150,22592
1/7/2016 13:32,629600,4528896,629.6,4528.896,3148,22644.48
1/7/2016 13:33,629600,4539392,629.6,4539.392,3148,22696.96
1/7/2016 13:34,629800,4549888,629.8,4549.888,3149,22749.44
1/7/2016 13:35,630000,4560384,630,4560.384,3150,22801.92
1/7/2016 13:36,629800,4570880,629.8,4570.88,3149,22854.4
1/7/2016 13:37,629800,4581312,629.8,4581.312,3149,22906.56
1/7/2016 13:38,629700,4591872,629.7,4591.872,3148.5,22959.36
1/7/2016 13:39,629800,4602368,629.8,4602.368,3149,23011.84
1/7/2016 13:40,629600,4612864,629.6,4612.864,3148,23064.32
1/7/2016 13:41,629700,4622464,629.7,4622.464,3148.5,23112.32
1/7/2016 13:42,629800,4633024,629.8,4633.024,3149,23165.12
1/7/2016 13:43,630000,4643584,630,4643.584,3150,23217.92
1/7/2016 13:44,629800,4654080,629.8,4654.08,3149,23270.4
1/7/2016 13:45,630000,4664512,630,4664.512,3150,23322.56
1/7/2016 13:46,629700,4675008,629.7,4675.008,3148.5,23375.04
1/7/2016 13:47,629800,4685504,629.8,4685.504,3149,23427.52
1/7/2016 13:48,629700,4696000,629.7,4696,3148.5,23480
1/7/2016 13:49,630000,4706624,630,4706.624,3150,23533.12
1/7/2016 13:50,630000,4717120,630,4717.12,3150,23585.6
1/7/2016 13:51,629800,4727616,629.8,4727.616,3149,23638.08
1/7/2016 13:52,628600,4738112,628.6,4738.112,3143,23690.56
1/7/2016 13:53,212700,4745792,212.7,4745.792,1063.5,23728.96
1/7/2016 13:54,343300,4750400,343.3,4750.4,1716.5,23752
1/7/2016 13:55,471200,4757184,471.2,4757.184,2356,23785.92
1/7/2016 13:56,596600,4766080,596.6,4766.08,2983,23830.4
1/7/2016 13:57,629600,4776768,629.6,4776.768,3148,23883.84
1/7/2016 13:58,630100,4787200,630.1,4787.2,3150.5,23936
1/7/2016 13:59,629800,4797760,629.8,4797.76,3149,23988.8
1/7/2016 14:00,629800,4808320,629.8,4808.32,3149,24041.6
1/7/2016 14:01,629500,4818816,629.5,4818.816,3147.5,24094.08
1/7/2016 14:02,629600,4829184,629.6,4829.184,3148,24145.92
1/7/2016 14:03,629600,4839808,629.6,4839.808,3148,24199.04
1/7/2016 14:04,629700,4850304,629.7,4850.304,3148.5,24251.52
1/7/2016 14:05,629600,4860800,629.6,4860.8,3148,24304
1/7/2016 14:06,630100,4871296,630.1,4871.296,3150.5,24356.48
1/7/2016 14:07,629700,4881792,629.7,4881.792,3148.5,24408.96
1/7/2016 14:08,630000,4892288,630,4892.288,3150,24461.44
1/7/2016 14:09,630000,4902720,630,4902.72,3150,24513.6
1/7/2016 14:10,629500,4913280,629.5,4913.28,3147.5,24566.4
1/7/2016 14:11,629700,4923776,629.7,4923.776,3148.5,24618.88
1/7/2016 14:12,629600,4934208,629.6,4934.208,3148,24671.04
1/7/2016 14:13,430900,4944512,430.9,4944.512,2154.5,24722.56
1/7/2016 14:14,125200,4947200,125.2,4947.2,626,24736
1/7/2016 14:15,260200,4950400,260.2,4950.4,1301,24752
1/7/2016 14:16,388000,4955776,388,4955.776,1940,24778.88
1/7/2016 14:17,514100,4963264,514.1,4963.264,2570.5,24816.32
1/7/2016 14:18,129700,4970880,129.7,4970.88,648.5,24854.4
1/7/2016 14:19,111600,4972864,111.6,4972.864,558,24864.32
1/7/2016 14:20,114700,4974784,114.7,4974.784,573.5,24873.92
1/7/2016 14:21,165700,4976768,165.7,4976.768,828.5,24883.84
1/7/2016 14:22,292500,4980800,292.5,4980.8,1462.5,24904
1/7/2016 14:23,113900,4983104,113.9,4983.104,569.5,24915.52
1/7/2016 14:24,131200,4985088,131.2,4985.088,656,24925.44
1/7/2016 14:25,265100,4988416,265.1,4988.416,1325.5,24942.08
1/7/2016 14:26,390100,4993792,390.1,4993.792,1950.5,24968.96
1/7/2016 14:27,517300,5001408,517.3,5001.408,2586.5,25007.04
1/7/2016 14:28,121800,5006400,121.8,5006.4,609,25032
1/7/2016 14:29,120200,5008384,120.2,5008.384,601,25041.92
1/7/2016 14:30,222700,5011008,222.7,5011.008,1113.5,25055.04
1/7/2016 14:31,348200,5015808,348.2,5015.808,1741,25079.04
1/7/2016 14:32,476200,5022592,476.2,5022.592,2381,25112.96
1/7/2016 14:33,603100,5031616,603.1,5031.616,3015.5,25158.08
1/7/2016 14:34,629700,5041984,629.7,5041.984,3148.5,25209.92
1/7/2016 14:35,629600,5052480,629.6,5052.48,3148,25262.4
1/7/2016 14:36,629800,5062976,629.8,5062.976,3149,25314.88
1/7/2016 14:37,629300,5073600,629.3,5073.6,3146.5,25368
1/7/2016 14:38,629700,5084096,629.7,5084.096,3148.5,25420.48
1/7/2016 14:39,629600,5093888,629.6,5093.888,3148,25469.44
1/7/2016 14:40,629700,5105088,629.7,5105.088,3148.5,25525.44
1/7/2016 14:41,629800,5114880,629.8,5114.88,3149,25574.4
1/7/2016 14:42,629600,5125376,629.6,5125.376,3148,25626.88
1/7/2016 14:43,629700,5135872,629.7,5135.872,3148.5,25679.36
1/7/2016 14:44,629700,5146496,629.7,5146.496,3148.5,25732.48
1/7/2016 14:45,629700,5156864,629.7,5156.864,3148.5,25784.32
1/7/2016 14:46,629800,5167424,629.8,5167.424,3149,25837.12
1/7/2016 14:47,629700,5177920,629.7,5177.92,3148.5,25889.6
1/7/2016 14:48,629600,5188416,629.6,5188.416,3148,25942.08
1/7/2016 14:49,629700,5198976,629.7,5198.976,3148.5,25994.88
1/7/2016 14:50,629700,5209600,629.7,5209.6,3148.5,26048
1/7/2016 14:51,629800,5219968,629.8,5219.968,3149,26099.84
1/7/2016 14:52,630000,5230592,630,5230.592,3150,26152.96
1/7/2016 14:53,629600,5241088,629.6,5241.088,3148,26205.44
1/7/2016 14:54,629700,5251712,629.7,5251.712,3148.5,26258.56
1/7/2016 14:55,630000,5262080,630,5262.08,3150,26310.4
1/7/2016 14:56,629700,5272576,629.7,5272.576,3148.5,26362.88
1/7/2016 14:57,629800,5283200,629.8,5283.2,3149,26416
1/7/2016 14:58,629800,5293696,629.8,5293.696,3149,26468.48
1/7/2016 14:59,629700,5304192,629.7,5304.192,3148.5,26520.96
1/7/2016 15:00,630000,5314688,630,5314.688,3150,26573.44
1/7/2016 15:01,629800,5325184,629.8,5325.184,3149,26625.92
1/7/2016 15:02,629700,5335616,629.7,5335.616,3148.5,26678.08
1/7/2016 15:03,629800,5346176,629.8,5346.176,3149,26730.88
1/7/2016 15:04,629800,5356672,629.8,5356.672,3149,26783.36
1/7/2016 15:05,629600,5367104,629.6,5367.104,3148,26835.52
1/7/2016 15:06,629700,5377664,629.7,5377.664,3148.5,26888.32
1/7/2016 15:07,629700,5388224,629.7,5388.224,3148.5,26941.12
1/7/2016 15:08,629600,5398720,629.6,5398.72,3148,26993.6
1/7/2016 15:09,629700,5409216,629.7,5409.216,3148.5,27046.08
1/7/2016 15:10,629700,5419584,629.7,5419.584,3148.5,27097.92
1/7/2016 15:11,629800,5430208,629.8,5430.208,3149,27151.04
1/7/2016 15:12,629600,5440704,629.6,5440.704,3148,27203.52
1/7/2016 15:13,629700,5451264,629.7,5451.264,3148.5,27256.32
1/7/2016 15:14,629800,5461888,629.8,5461.888,3149,27309.44
1/7/2016 15:15,630000,5472192,630,5472.192,3150,27360.96
1/7/2016 15:16,629600,5482880,629.6,5482.88,3148,27414.4
1/7/2016 15:17,629700,5493376,629.7,5493.376,3148.5,27466.88
1/7/2016 15:18,629600,5503872,629.6,5503.872,3148,27519.36
1/7/2016 15:19,629800,5514368,629.8,5514.368,3149,27571.84
1/7/2016 15:20,629700,5524864,629.7,5524.864,3148.5,27624.32
1/7/2016 15:21,629600,5535424,629.6,5535.424,3148,27677.12
1/7/2016 15:22,629700,5545920,629.7,5545.92,3148.5,27729.6
1/7/2016 15:23,629700,5556480,629.7,5556.48,3148.5,27782.4
1/7/2016 15:24,629700,5566976,629.7,5566.976,3148.5,27834.88
1/7/2016 15:25,629800,5577472,629.8,5577.472,3149,27887.36
1/7/2016 15:26,629300,5587072,629.3,5587.072,3146.5,27935.36
1/7/2016 15:27,628700,5597504,628.7,5597.504,3143.5,27987.52
1/7/2016 15:28,628600,5608064,628.6,5608.064,3143,28040.32
1/7/2016 15:29,627900,5618496,627.9,5618.496,3139.5,28092.48
1/7/2016 15:30,629100,5629120,629.1,5629.12,3145.5,28145.6
1/7/2016 15:31,629400,5639680,629.4,5639.68,3147,28198.4
1/7/2016 15:32,629800,5650176,629.8,5650.176,3149,28250.88
1/7/2016 15:33,629700,5660608,629.7,5660.608,3148.5,28303.04
1/7/2016 15:34,629700,5671168,629.7,5671.168,3148.5,28355.84
1/7/2016 15:35,629800,5681664,629.8,5681.664,3149,28408.32
1/7/2016 15:36,628800,5692224,628.8,5692.224,3144,28461.12
1/7/2016 15:37,626200,5702720,626.2,5702.72,3131,28513.6
1/7/2016 15:38,625500,5713088,625.5,5713.088,3127.5,28565.44
1/7/2016 15:39,624300,5723520,624.3,5723.52,3121.5,28617.6
1/7/2016 15:40,622900,5733888,622.9,5733.888,3114.5,28669.44
1/7/2016 15:41,622800,5744320,622.8,5744.32,3114,28721.6
1/7/2016 15:42,622700,5754688,622.7,5754.688,3113.5,28773.44
1/7/2016 15:43,621800,5765120,621.8,5765.12,3109,28825.6
1/7/2016 15:44,621200,5775424,621.2,5775.424,3106,28877.12
1/7/2016 15:45,623200,5785792,623.2,5785.792,3116,28928.96
1/7/2016 15:46,623200,5796160,623.2,5796.16,3116,28980.8
1/7/2016 15:47,620400,5806592,620.4,5806.592,3102,29032.96
1/7/2016 15:48,617600,5816896,617.6,5816.896,3088,29084.48
1/7/2016 15:49,616900,5827200,616.9,5827.2,3084.5,29136
1/7/2016 15:50,616100,5837504,616.1,5837.504,3080.5,29187.52
1/7/2016 15:51,616500,5847680,616.5,5847.68,3082.5,29238.4
1/7/2016 15:52,617000,5857984,617,5857.984,3085,29289.92
1/7/2016 15:53,618000,5868416,618,5868.416,3090,29342.08
1/7/2016 15:54,619800,5878720,619.8,5878.72,3099,29393.6
1/7/2016 15:55,619400,5888960,619.4,5888.96,3097,29444.8
1/7/2016 15:56,619000,5899264,619,5899.264,3095,29496.32
1/7/2016 15:57,619400,5909568,619.4,5909.568,3097,29547.84
1/7/2016 15:58,621900,5919872,621.9,5919.872,3109.5,29599.36
1/7/2016 15:59,625200,5930368,625.2,5930.368,3126,29651.84
1/7/2016 16:00,626200,5940672,626.2,5940.672,3131,29703.36
1/7/2016 16:01,626000,5951296,626,5951.296,3130,29756.48
1/7/2016 16:02,626700,5961600,626.7,5961.6,3133.5,29808
1/7/2016 16:03,626100,5972096,626.1,5972.096,3130.5,29860.48
1/7/2016 16:04,624500,5982592,624.5,5982.592,3122.5,29912.96
1/7/2016 16:05,621200,5993024,621.2,5993.024,3106,29965.12
1/7/2016 16:06,620100,6003264,620.1,6003.264,3100.5,30016.32
1/7/2016 16:07,620000,6013696,620,6013.696,3100,30068.48
1/7/2016 16:08,619200,6024000,619.2,6024,3096,30120
1/7/2016 16:09,619700,6034304,619.7,6034.304,3098.5,30171.52
1/7/2016 16:10,619600,6044672,619.6,6044.672,3098,30223.36
1/7/2016 16:11,618700,6054976,618.7,6054.976,3093.5,30274.88
1/7/2016 16:12,617200,6065280,617.2,6065.28,3086,30326.4
1/7/2016 16:13,615700,6075584,615.7,6075.584,3078.5,30377.92
1/7/2016 16:14,615100,6085824,615.1,6085.824,3075.5,30429.12
1/7/2016 16:15,175200,6093120,175.2,6093.12,876,30465.6
1/7/2016 16:16,62300,6094400,62.3,6094.4,311.5,30472
1/7/2016 16:17,72000,6095488,72,6095.488,360,30477.44
1/7/2016 16:18,187200,6097792,187.2,6097.792,936,30488.96
1/7/2016 16:19,311800,6102016,311.8,6102.016,1559,30510.08
1/7/2016 16:20,433900,6107712,433.9,6107.712,2169.5,30538.56
1/7/2016 16:21,356200,6114304,356.2,6114.304,1781,30571.52
1/7/2016 16:22,489700,6121408,489.7,6121.408,2448.5,30607.04
1/7/2016 16:23,612600,6130688,612.6,6130.688,3063,30653.44
1/7/2016 16:24,606400,6140800,606.4,6140.8,3032,30704
1/7/2016 16:25,606500,6150784,606.5,6150.784,3032.5,30753.92
1/7/2016 16:26,605100,6160960,605.1,6160.96,3025.5,30804.8
1/7/2016 16:27,603800,6171008,603.8,6171.008,3019,30855.04
1/7/2016 16:28,603800,6181120,603.8,6181.12,3019,30905.6
1/7/2016 16:29,602500,6191104,602.5,6191.104,3012.5,30955.52
1/7/2016 16:30,599100,6201216,599.1,6201.216,2995.5,31006.08
1/7/2016 16:31,596100,6211200,596.1,6211.2,2980.5,31056
1/7/2016 16:32,592900,6221120,592.9,6221.12,2964.5,31105.6
1/7/2016 16:33,590100,6230912,590.1,6230.912,2950.5,31154.56
1/7/2016 16:34,587200,6240768,587.2,6240.768,2936,31203.84
1/7/2016 16:35,584200,6250496,584.2,6250.496,2921,31252.48
1/7/2016 16:36,582300,6260160,582.3,6260.16,2911.5,31300.8
1/7/2016 16:37,580900,6269888,580.9,6269.888,2904.5,31349.44
1/7/2016 16:38,578700,6279616,578.7,6279.616,2893.5,31398.08
1/7/2016 16:39,576400,6289216,576.4,6289.216,2882,31446.08
1/7/2016 16:40,574400,6298816,574.4,6298.816,2872,31494.08
1/7/2016 16:41,573300,6308416,573.3,6308.416,2866.5,31542.08
1/7/2016 16:42,573300,6317888,573.3,6317.888,2866.5,31589.44
1/7/2016 16:43,573700,6327616,573.7,6327.616,2868.5,31638.08
1/7/2016 16:44,573100,6336960,573.1,6336.96,2865.5,31684.8
1/7/2016 16:45,572500,6346560,572.5,6346.56,2862.5,31732.8
1/7/2016 16:46,572000,6356160,572,6356.16,2860,31780.8
1/7/2016 16:47,570300,6365696,570.3,6365.696,2851.5,31828.48
1/7/2016 16:48,569100,6375168,569.1,6375.168,2845.5,31875.84
1/7/2016 16:49,568100,6384768,568.1,6384.768,2840.5,31923.84
1/7/2016 16:50,566400,6394304,566.4,6394.304,2832,31971.52
1/7/2016 16:51,564700,6403776,564.7,6403.776,2823.5,32018.88
1/7/2016 16:52,563500,6413184,563.5,6413.184,2817.5,32065.92
1/7/2016 16:53,562500,6422592,562.5,6422.592,2812.5,32112.96
1/7/2016 16:54,561000,6431872,561,6431.872,2805,32159.36
1/7/2016 16:55,559600,6441216,559.6,6441.216,2798,32206.08
1/7/2016 16:56,557300,6450624,557.3,6450.624,2786.5,32253.12
1/7/2016 16:57,553800,6459904,553.8,6459.904,2769,32299.52
1/7/2016 16:58,551400,6469120,551.4,6469.12,2757,32345.6
1/7/2016 16:59,551300,6478272,551.3,6478.272,2756.5,32391.36
1/7/2016 17:00,551100,6487488,551.1,6487.488,2755.5,32437.44
1/7/2016 17:01,550400,6496576,550.4,6496.576,2752,32482.88
1/7/2016 17:02,549000,6505792,549,6505.792,2745,32528.96
1/7/2016 17:03,548900,6515008,548.9,6515.008,2744.5,32575.04
1/7/2016 17:04,548600,6524224,548.6,6524.224,2743,32621.12
1/7/2016 17:05,547800,6533312,547.8,6533.312,2739,32666.56
1/7/2016 17:06,547300,6542464,547.3,6542.464,2736.5,32712.32
1/7/2016 17:07,547100,6551616,547.1,6551.616,2735.5,32758.08
1/7/2016 17:08,539400,6560704,539.4,6560.704,2697,32803.52
1/7/2016 17:09,536100,6569600,536.1,6569.6,2680.5,32848
1/7/2016 17:10,293100,6576192,293.1,6576.192,1465.5,32880.96
1/7/2016 17:11,122400,6580160,122.4,6580.16,612,32900.8
1/7/2016 17:12,266500,6583488,266.5,6583.488,1332.5,32917.44
1/7/2016 17:13,385400,6588992,385.4,6588.992,1927,32944.96
1/7/2016 17:14,519300,6596480,519.3,6596.48,2596.5,32982.4
1/7/2016 17:15,535700,6604864,535.7,6604.864,2678.5,33024.32
1/7/2016 17:16,529500,6613824,529.5,6613.824,2647.5,33069.12
1/7/2016 17:17,524300,6622464,524.3,6622.464,2621.5,33112.32
1/7/2016 17:18,518600,6631168,518.6,6631.168,2593,33155.84
1/7/2016 17:19,512100,6639808,512.1,6639.808,2560.5,33199.04
1/7/2016 17:20,505500,6648320,505.5,6648.32,2527.5,33241.6
1/7/2016 17:21,499400,6656704,499.4,6656.704,2497,33283.52
1/7/2016 17:22,492800,6665024,492.8,6665.024,2464,33325.12
1/7/2016 17:23,486000,6673088,486,6673.088,2430,33365.44
1/7/2016 17:24,479100,6681088,479.1,6681.088,2395.5,33405.44
1/7/2016 17:25,472000,6689088,472,6689.088,2360,33445.44
1/7/2016 17:26,465100,6696896,465.1,6696.896,2325.5,33484.48
1/7/2016 17:27,458400,6704576,458.4,6704.576,2292,33522.88
1/7/2016 17:28,452400,6712192,452.4,6712.192,2262,33560.96
1/7/2016 17:29,446700,6719680,446.7,6719.68,2233.5,33598.4
1/7/2016 17:30,441300,6727104,441.3,6727.104,2206.5,33635.52
1/7/2016 17:31,435400,6734400,435.4,6734.4,2177,33672
1/7/2016 17:32,429500,6741568,429.5,6741.568,2147.5,33707.84
1/7/2016 17:33,423900,6748864,423.9,6748.864,2119.5,33744.32
1/7/2016 17:34,416800,6755904,416.8,6755.904,2084,33779.52
1/7/2016 17:35,408700,6762688,408.7,6762.688,2043.5,33813.44
1/7/2016 17:36,400200,6769472,400.2,6769.472,2001,33847.36
1/7/2016 17:37,391900,6776064,391.9,6776.064,1959.5,33880.32
1/7/2016 17:38,384300,6782592,384.3,6782.592,1921.5,33912.96
1/7/2016 17:39,377400,6788864,377.4,6788.864,1887,33944.32
1/7/2016 17:40,370600,6795200,370.6,6795.2,1853,33976
1/7/2016 17:41,363900,6801280,363.9,6801.28,1819.5,34006.4
1/7/2016 17:42,357800,6807296,357.8,6807.296,1789,34036.48
1/7/2016 17:43,352100,6813184,352.1,6813.184,1760.5,34065.92
1/7/2016 17:44,346400,6819072,346.4,6819.072,1732,34095.36
1/7/2016 17:45,338800,6824768,338.8,6824.768,1694,34123.84
1/7/2016 17:46,330900,6830272,330.9,6830.272,1654.5,34151.36
1/7/2016 17:47,322400,6835776,322.4,6835.776,1612,34178.88
1/7/2016 17:48,312400,6841088,312.4,6841.088,1562,34205.44
1/7/2016 17:49,302500,6846208,302.5,6846.208,1512.5,34231.04
1/7/2016 17:50,292000,6851200,292,6851.2,1460,34256
1/7/2016 17:51,281700,6856000,281.7,6856,1408.5,34280
1/7/2016 17:52,270900,6860608,270.9,6860.608,1354.5,34303.04
1/7/2016 17:53,259100,6864960,259.1,6864.96,1295.5,34324.8
1/7/2016 17:54,248400,6869184,248.4,6869.184,1242,34345.92
1/7/2016 17:55,238600,6873280,238.6,6873.28,1193,34366.4
1/7/2016 17:56,227900,6877120,227.9,6877.12,1139.5,34385.6
1/7/2016 17:57,218300,6880896,218.3,6880.896,1091.5,34404.48
1/7/2016 17:58,210300,6884416,210.3,6884.416,1051.5,34422.08
1/7/2016 17:59,204000,6887872,204,6887.872,1020,34439.36
1/7/2016 18:00,197700,6891200,197.7,6891.2,988.5,34456
1/7/2016 18:01,192200,6894464,192.2,6894.464,961,34472.32
1/7/2016 18:02,187500,6897664,187.5,6897.664,937.5,34488.32
1/7/2016 18:03,182600,6900672,182.6,6900.672,913,34503.36
1/7/2016 18:04,178800,6903680,178.8,6903.68,894,34518.4
1/7/2016 18:05,174800,6906688,174.8,6906.688,874,34533.44
1/7/2016 18:06,171100,6909568,171.1,6909.568,855.5,34547.84
1/7/2016 18:07,167400,6912384,167.4,6912.384,837,34561.92
1/7/2016 18:08,162500,6915200,162.5,6915.2,812.5,34576
1/7/2016 18:09,158900,6917824,158.9,6917.824,794.5,34589.12
1/7/2016 18:10,154900,6920384,154.9,6920.384,774.5,34601.92
1/7/2016 18:11,151000,6923008,151,6923.008,755,34615.04
1/7/2016 18:12,147500,6925504,147.5,6925.504,737.5,34627.52
1/7/2016 18:13,144800,6927872,144.8,6927.872,724,34639.36
1/7/2016 18:14,141800,6930304,141.8,6930.304,709,34651.52
1/7/2016 18:15,139400,6932672,139.4,6932.672,697,34663.36
1/7/2016 18:16,136200,6934912,136.2,6934.912,681,34674.56
1/7/2016 18:17,132900,6937216,132.9,6937.216,664.5,34686.08
1/7/2016 18:18,129700,6939392,129.7,6939.392,648.5,34696.96
1/7/2016 18:19,125900,6941504,125.9,6941.504,629.5,34707.52
1/7/2016 18:20,121600,6943616,121.6,6943.616,608,34718.08
1/7/2016 18:21,116100,6945408,116.1,6945.408,580.5,34727.04
1/7/2016 18:22,111300,6947264,111.3,6947.264,556.5,34736.32
1/7/2016 18:23,106200,6949120,106.2,6949.12,531,34745.6
1/7/2016 18:24,100800,6950912,100.8,6950.912,504,34754.56
1/7/2016 18:25,95000,6952512,95,6952.512,475,34762.56
1/7/2016 18:26,89500,6953984,89.5,6953.984,447.5,34769.92
1/7/2016 18:27,83800,6955520,83.8,6955.52,419,34777.6
1/7/2016 18:28,77200,6956800,77.2,6956.8,386,34784
1/7/2016 18:29,70800,6958016,70.8,6958.016,354,34790.08
1/7/2016 18:30,64900,6959168,64.9,6959.168,324.5,34795.84
1/7/2016 18:31,58400,6960192,58.4,6960.192,292,34800.96
1/7/2016 18:32,52100,6961088,52.1,6961.088,260.5,34805.44
1/7/2016 18:33,47000,6961920,47,6961.92,235,34809.6
1/7/2016 18:34,41500,6962688,41.5,6962.688,207.5,34813.44
1/7/2016 18:35,36300,6963264,36.3,6963.264,181.5,34816.32
1/7/2016 18:36,31400,6963904,31.4,6963.904,157,34819.52
1/7/2016 18:37,26900,6964416,26.9,6964.416,134.5,34822.08
1/7/2016 18:38,22800,6964800,22.8,6964.8,114,34824
1/7/2016 18:39,19300,6965120,19.3,6965.12,96.5,34825.6
1/7/2016 18:40,15600,6965376,15.6,6965.376,78,34826.88
1/7/2016 18:41,11900,6965568,11.9,6965.568,59.5,34827.84
1/7/2016 18:42,8100,6965824,8.1,6965.824,40.5,34829.12
1/7/2016 18:43,5400,6965888,5.4,6965.888,27,34829.44
1/7/2016 18:44,0,6966016,0,6966.016,0,34830.08
1/7/2016 18:45,0,6966016,0,6966.016,0,34830.08
1/7/2016 18:46,0,6966016,0,6966.016,0,34830.08
1/7/2016 18:47,0,6966016,0,6966.016,0,34830.08
1/7/2016 18:48,0,6966016,0,6966.016,0,34830.08
1/7/2016 18:49,1700,6966016,1.7,6966.016,8.5,34830.08
1/7/2016 18:50,0,6966016,0,6966.016,0,34830.08
1/7/2016 18:51,0,6966016,0,6966.016,0,34830.08
1/7/2016 18:52,0,6966016,0,6966.016,0,34830.08
1/7/2016 18:53,0,6966016,0,6966.016,0,34830.08
1/7/2016 18:54,0,6966016,0,6966.016,0,34830.08
1/7/2016 18:55,0,6966016,0,6966.016,0,34830.08
1/7/2016 18:56,0,6966016,0,6966.016,0,34830.08
1/7/2016 18:57,0,6966016,0,6966.016,0,34830.08
1/7/2016 18:58,0,6966016,0,6966.016,0,34830.08
1/7/2016 18:59,0,6966016,0,6966.016,0,34830.08
1/7/2016 19:00,0,6966016,0,6966.016,0,34830.08
