time,airtemp,humidity,insolation,windspeed,winddirection,date
12/5/2015 5:00,16.5,80.1,12.3,1.5,-90,3/1/2016 5:00
12/5/2015 5:01,16.5,80.1,14.2,1.5,-90,3/1/2016 5:01
12/5/2015 5:02,16.5,80.1,14.2,2.1,-90,3/1/2016 5:02
12/5/2015 5:03,16.5,80,14.2,1.6,-90,3/1/2016 5:03
12/5/2015 5:04,16.5,80,16.5,1.6,-90,3/1/2016 5:04
12/5/2015 5:05,16.6,79.9,16.5,1.2,-90,3/1/2016 5:05
12/5/2015 5:06,16.6,79.9,18,1.2,-90,3/1/2016 5:06
12/5/2015 5:07,16.6,79.8,18,1.1,-90,3/1/2016 5:07
12/5/2015 5:08,16.6,79.6,18,1.6,-90,3/1/2016 5:08
12/5/2015 5:09,16.6,79.3,0,1.8,-90,3/1/2016 5:09
12/5/2015 5:10,16.6,79,22,2.3,-90,3/1/2016 5:10
12/5/2015 5:11,16.6,78.8,22,1.7,-90,3/1/2016 5:11
12/5/2015 5:12,16.6,78.7,22,0.7,-90,3/1/2016 5:12
12/5/2015 5:13,16.7,78.6,22,1.7,-90,3/1/2016 5:13
12/5/2015 5:14,16.7,78.5,0.8,1.5,-90,3/1/2016 5:14
12/5/2015 5:15,16.7,78.2,26.6,1.5,-90,3/1/2016 5:15
12/5/2015 5:16,16.7,78.3,28.1,0.7,-90,3/1/2016 5:16
12/5/2015 5:17,16.7,78.1,28.1,1.7,-90,3/1/2016 5:17
12/5/2015 5:18,16.7,77.9,28.1,1.6,-90,3/1/2016 5:18
12/5/2015 5:19,16.7,77.6,0,0.7,-90,3/1/2016 5:19
12/5/2015 5:20,16.8,77.5,28.7,1.5,-90,3/1/2016 5:20
12/5/2015 5:21,16.8,77.4,30.7,0.7,-90,3/1/2016 5:21
12/5/2015 5:22,16.8,77.6,33.9,1.4,-90,3/1/2016 5:22
12/5/2015 5:23,16.8,77.5,0,2.1,-90,3/1/2016 5:23
12/5/2015 5:23,16.8,77.5,0,2.1,-90,3/1/2016 5:24
12/5/2015 5:24,16.8,77.6,37.8,0.9,-90,3/1/2016 5:25
12/5/2015 5:24,16.8,77.6,37.8,0.9,-90,3/1/2016 5:26
12/5/2015 5:25,16.8,77.3,38.9,0.7,-90,3/1/2016 5:27
12/5/2015 5:25,16.8,77.3,38.9,0.7,-90,3/1/2016 5:28
12/5/2015 5:26,16.8,77.1,38.9,1.3,-90,3/1/2016 5:29
12/5/2015 5:26,16.8,77.1,38.9,1.3,-90,3/1/2016 5:30
12/5/2015 5:27,16.8,77,38.9,1.5,-90,3/1/2016 5:31
12/5/2015 5:27,16.8,77,38.9,1.5,-90,3/1/2016 5:32
12/5/2015 5:28,16.8,76.9,38.9,1.7,-90,3/1/2016 5:33
12/5/2015 5:28,16.8,76.9,38.9,1.7,-90,3/1/2016 5:34
12/5/2015 5:29,16.9,76.8,33.3,1.2,-90,3/1/2016 5:35
12/5/2015 5:29,16.9,76.8,33.3,1.2,-90,3/1/2016 5:36
12/5/2015 5:30,16.9,76.8,33.3,1.2,-90,3/1/2016 5:37
12/5/2015 5:30,16.9,76.8,33.3,1.2,-90,3/1/2016 5:38
12/5/2015 5:31,16.9,76.8,50,1.5,-90,3/1/2016 5:39
12/5/2015 5:31,16.9,76.8,50,1.5,-90,3/1/2016 5:40
12/5/2015 5:32,17,76.6,51,1.2,-90,3/1/2016 5:41
12/5/2015 5:32,17,76.6,51,1.2,-90,3/1/2016 5:42
12/5/2015 5:33,17.1,76.6,51,1.9,-90,3/1/2016 5:43
12/5/2015 5:33,17.1,76.6,51,1.9,-90,3/1/2016 5:44
12/5/2015 5:34,17.1,76.4,0,1.2,-90,3/1/2016 5:45
12/5/2015 5:34,17.1,76.4,0,1.2,-90,3/1/2016 5:46
12/5/2015 5:35,17.2,76,51.7,1.2,-90,3/1/2016 5:47
12/5/2015 5:35,17.2,76,51.7,1.2,-90,3/1/2016 5:48
12/5/2015 5:36,17.2,75.8,56.1,1.5,-90,3/1/2016 5:49
12/5/2015 5:36,17.2,75.8,56.1,1.5,-90,3/1/2016 5:50
12/5/2015 5:37,17.2,75.5,57.7,1.1,-90,3/1/2016 5:51
12/5/2015 5:37,17.2,75.5,57.7,1.1,-90,3/1/2016 5:52
12/5/2015 5:38,17.2,75.4,0,2.1,-90,3/1/2016 5:53
12/5/2015 5:38,17.2,75.4,0,2.1,-90,3/1/2016 5:54
12/5/2015 5:39,17.3,75.2,0,1,-90,3/1/2016 5:55
12/5/2015 5:39,17.3,75.2,0,1,-90,3/1/2016 5:56
12/5/2015 5:40,17.3,75,41.5,1.5,-90,3/1/2016 5:57
12/5/2015 5:40,17.3,75,41.5,1.5,-90,3/1/2016 5:58
12/5/2015 5:41,17.3,74.7,66,1.8,-90,3/1/2016 5:59
12/5/2015 5:41,17.3,74.7,66,1.8,-90,3/1/2016 6:00
12/5/2015 5:42,17.4,74.4,68.5,1.1,-90,3/1/2016 6:01
12/5/2015 5:42,17.4,74.4,68.5,1.1,-90,3/1/2016 6:02
12/5/2015 5:43,17.4,74.2,70.5,0.9,-90,3/1/2016 6:03
12/5/2015 5:43,17.4,74.2,70.5,0.9,-90,3/1/2016 6:04
12/5/2015 5:44,17.4,74.2,37.4,1.3,-90,3/1/2016 6:05
12/5/2015 5:44,17.4,74.2,37.4,1.3,-90,3/1/2016 6:06
12/5/2015 5:45,17.5,74,78.5,1.1,-90,3/1/2016 6:07
12/5/2015 5:45,17.5,74,78.5,1.1,-90,3/1/2016 6:08
12/5/2015 5:46,17.5,74,81.1,1.4,-90,3/1/2016 6:09
12/5/2015 5:46,17.5,74,81.1,1.4,-90,3/1/2016 6:10
12/5/2015 5:47,17.5,73.7,82.5,1.7,-90,3/1/2016 6:11
12/5/2015 5:47,17.5,73.7,82.5,1.7,-90,3/1/2016 6:12
12/5/2015 5:48,17.6,72.4,84.1,1.2,-90,3/1/2016 6:13
12/5/2015 5:48,17.6,72.4,84.1,1.2,-90,3/1/2016 6:14
12/5/2015 5:49,17.7,72.3,84.1,0.7,-90,3/1/2016 6:15
12/5/2015 5:49,17.7,72.3,84.1,0.7,-90,3/1/2016 6:16
12/5/2015 5:50,17.7,72.2,0,1.1,-90,3/1/2016 6:17
12/5/2015 5:50,17.7,72.2,0,1.1,-90,3/1/2016 6:18
12/5/2015 5:51,17.7,72,88.6,0.9,-90,3/1/2016 6:19
12/5/2015 5:51,17.7,72,88.6,0.9,-90,3/1/2016 6:20
12/5/2015 5:52,17.8,72.1,83.4,1.2,-90,3/1/2016 6:21
12/5/2015 5:52,17.8,72.1,83.4,1.2,-90,3/1/2016 6:22
12/5/2015 5:53,17.8,72,89.6,1.2,-90,3/1/2016 6:23
12/5/2015 5:53,17.8,72,89.6,1.2,-90,3/1/2016 6:24
12/5/2015 5:54,17.8,71.9,89.6,0.7,-90,3/1/2016 6:25
12/5/2015 5:54,17.8,71.9,89.6,0.7,-90,3/1/2016 6:26
12/5/2015 5:55,17.8,71.6,0,1.3,-90,3/1/2016 6:27
12/5/2015 5:55,17.8,71.6,0,1.3,-90,3/1/2016 6:28
12/5/2015 5:56,17.9,71.3,103.1,1.3,-90,3/1/2016 6:29
12/5/2015 5:56,17.9,71.3,103.1,1.3,-90,3/1/2016 6:30
12/5/2015 5:57,17.9,71.4,106.5,1.3,-90,3/1/2016 6:31
12/5/2015 5:57,17.9,71.4,106.5,1.3,-90,3/1/2016 6:32
12/5/2015 5:58,17.9,71.4,110.3,1.6,-90,3/1/2016 6:33
12/5/2015 5:58,17.9,71.4,110.3,1.6,-90,3/1/2016 6:34
12/5/2015 5:59,17.9,71.3,110.3,1,-90,3/1/2016 6:35
12/5/2015 5:59,17.9,71.3,110.3,1,-90,3/1/2016 6:36
12/5/2015 6:00,17.9,71.5,110.3,1,-90,3/1/2016 6:37
12/5/2015 6:00,17.9,71.5,110.3,1,-90,3/1/2016 6:38
12/5/2015 6:01,17.9,71.2,0,1.9,-90,3/1/2016 6:39
12/5/2015 6:01,17.9,71.2,0,1.9,-90,3/1/2016 6:40
12/5/2015 6:02,17.9,71.3,0,1.7,-90,3/1/2016 6:41
12/5/2015 6:02,17.9,71.3,0,1.7,-90,3/1/2016 6:42
12/5/2015 6:03,17.9,71.4,0,1.5,-90,3/1/2016 6:43
12/5/2015 6:03,17.9,71.4,0,1.5,-90,3/1/2016 6:44
12/5/2015 6:04,17.9,71.4,0,2.2,-90,3/1/2016 6:45
12/5/2015 6:04,17.9,71.4,0,2.2,-90,3/1/2016 6:46
12/5/2015 6:05,18,71.3,0,1.6,-90,3/1/2016 6:47
12/5/2015 6:05,18,71.3,0,1.6,-90,3/1/2016 6:48
12/5/2015 6:06,18.1,71.1,0,1.2,-90,3/1/2016 6:49
12/5/2015 6:06,18.1,71.1,0,1.2,-90,3/1/2016 6:50
12/5/2015 6:07,18.1,71.2,0,0.8,-90,3/1/2016 6:51
12/5/2015 6:07,18.1,71.2,0,0.8,-90,3/1/2016 6:52
12/5/2015 6:08,18.3,70.9,0,0.8,-90,3/1/2016 6:53
12/5/2015 6:08,18.3,70.9,0,0.8,-90,3/1/2016 6:54
12/5/2015 6:09,18.3,70.5,0,0.8,-90,3/1/2016 6:55
12/5/2015 6:09,18.3,70.5,0,0.8,-90,3/1/2016 6:56
12/5/2015 6:10,18.3,70.5,0,2.1,-90,3/1/2016 6:57
12/5/2015 6:10,18.3,70.5,0,2.1,-90,3/1/2016 6:58
12/5/2015 6:11,18.3,70.5,0,1.4,-90,3/1/2016 6:59
12/5/2015 6:11,18.3,70.5,0,1.4,-90,3/1/2016 7:00
12/5/2015 6:12,18.3,70.1,0,2.1,-90,3/1/2016 7:01
12/5/2015 6:12,18.3,70.1,0,2.1,-90,3/1/2016 7:02
12/5/2015 6:13,18.4,69.9,0,2.5,-90,3/1/2016 7:03
12/5/2015 6:13,18.4,69.9,0,2.5,-90,3/1/2016 7:04
12/5/2015 6:14,18.4,69.6,0,1.3,-90,3/1/2016 7:05
12/5/2015 6:14,18.4,69.6,0,1.3,-90,3/1/2016 7:06
12/5/2015 6:15,18.4,69.7,0,2.2,-90,3/1/2016 7:07
12/5/2015 6:15,18.4,69.7,0,2.2,-90,3/1/2016 7:08
12/5/2015 6:16,18.4,69.3,0,2.2,-90,3/1/2016 7:09
12/5/2015 6:16,18.4,69.3,0,2.2,-90,3/1/2016 7:10
12/5/2015 6:17,18.4,69.2,52.8,2.7,-90,3/1/2016 7:11
12/5/2015 6:17,18.4,69.2,52.8,2.7,-90,3/1/2016 7:12
12/5/2015 6:18,18.4,69.3,0,1.2,-90,3/1/2016 7:13
12/5/2015 6:18,18.4,69.3,0,1.2,-90,3/1/2016 7:14
12/5/2015 6:19,18.4,69.6,0,1.5,-90,3/1/2016 7:15
12/5/2015 6:19,18.4,69.6,0,1.5,-90,3/1/2016 7:16
12/5/2015 6:20,18.4,69.3,0,1.3,-90,3/1/2016 7:17
12/5/2015 6:20,18.4,69.3,0,1.3,-90,3/1/2016 7:18
12/5/2015 6:21,18.4,69.3,10,2.5,-90,3/1/2016 7:19
12/5/2015 6:21,18.4,69.3,10,2.5,-90,3/1/2016 7:20
12/5/2015 6:22,18.4,69.1,0,1.4,-90,3/1/2016 7:21
12/5/2015 6:22,18.4,69.1,0,1.4,-90,3/1/2016 7:22
12/5/2015 6:23,18.4,69,22.7,1.6,-90,3/1/2016 7:23
12/5/2015 6:23,18.4,69,22.7,1.6,-90,3/1/2016 7:24
12/5/2015 6:24,18.4,69,22.7,3,-90,3/1/2016 7:25
12/5/2015 6:24,18.4,69,22.7,3,-90,3/1/2016 7:26
12/5/2015 6:25,18.5,68.9,22.7,3.3,-90,3/1/2016 7:27
12/5/2015 6:25,18.5,68.9,22.7,3.3,-90,3/1/2016 7:28
12/5/2015 6:26,18.5,68.9,0,2.1,-90,3/1/2016 7:29
12/5/2015 6:26,18.5,68.9,0,2.1,-90,3/1/2016 7:30
12/5/2015 6:27,18.5,69.2,0,2.7,-90,3/1/2016 7:31
12/5/2015 6:27,18.5,69.2,0,2.7,-90,3/1/2016 7:32
12/5/2015 6:28,18.5,68.9,0,2.4,-90,3/1/2016 7:33
12/5/2015 6:28,18.5,68.9,0,2.4,-90,3/1/2016 7:34
12/5/2015 6:29,18.5,68.8,0,1.4,-90,3/1/2016 7:35
12/5/2015 6:29,18.5,68.8,0,1.4,-90,3/1/2016 7:36
12/5/2015 6:30,18.5,68.6,0,0.8,-90,3/1/2016 7:37
12/5/2015 6:30,18.5,68.6,0,0.8,-90,3/1/2016 7:38
12/5/2015 6:31,18.6,68.7,0,1.4,-90,3/1/2016 7:39
12/5/2015 6:31,18.6,68.7,0,1.4,-90,3/1/2016 7:40
12/5/2015 6:32,18.6,68.7,0,2.3,-90,3/1/2016 7:41
12/5/2015 6:32,18.6,68.7,0,2.3,-90,3/1/2016 7:42
12/5/2015 6:33,18.6,68.7,0,2.3,-90,3/1/2016 7:43
12/5/2015 6:33,18.6,68.7,0,2.3,-90,3/1/2016 7:44
12/5/2015 6:34,18.6,68.6,0,1.1,-90,3/1/2016 7:45
12/5/2015 6:34,18.6,68.6,0,1.1,-90,3/1/2016 7:46
12/5/2015 6:35,18.6,68.8,0,2.4,-90,3/1/2016 7:47
12/5/2015 6:35,18.6,68.8,0,2.4,-90,3/1/2016 7:48
12/5/2015 6:36,18.6,68.7,0,1.9,-90,3/1/2016 7:49
12/5/2015 6:36,18.6,68.7,0,1.9,-90,3/1/2016 7:50
12/5/2015 6:37,18.7,68.3,0,2.3,-90,3/1/2016 7:51
12/5/2015 6:37,18.7,68.3,0,2.3,-90,3/1/2016 7:52
12/5/2015 6:38,18.7,68.3,0,1.4,-90,3/1/2016 7:53
12/5/2015 6:38,18.7,68.3,0,1.4,-90,3/1/2016 7:54
12/5/2015 6:39,18.8,68.2,0,2.6,-90,3/1/2016 7:55
12/5/2015 6:39,18.8,68.2,0,2.6,-90,3/1/2016 7:56
12/5/2015 6:40,18.9,68.1,0,2.4,-90,3/1/2016 7:57
12/5/2015 6:40,18.9,68.1,0,2.4,-90,3/1/2016 7:58
12/5/2015 6:41,18.9,68.2,0,1.8,-90,3/1/2016 7:59
12/5/2015 6:41,18.9,68.2,0,1.8,-90,3/1/2016 8:00
12/5/2015 6:42,18.9,68.2,0,1.7,-90,3/1/2016 8:01
12/5/2015 6:42,18.9,68.2,0,1.7,-90,3/1/2016 8:02
12/5/2015 6:43,18.9,68.2,0,3.6,-90,3/1/2016 8:03
12/5/2015 6:43,18.9,68.2,0,3.6,-90,3/1/2016 8:04
12/5/2015 6:44,19,67.7,0,2.5,-90,3/1/2016 8:05
12/5/2015 6:44,19,67.7,0,2.5,-90,3/1/2016 8:06
12/5/2015 6:45,19,67.3,6.4,2.8,-90,3/1/2016 8:07
12/5/2015 6:45,19,67.3,6.4,2.8,-90,3/1/2016 8:08
12/5/2015 6:46,19,67.3,0,2.5,-90,3/1/2016 8:09
12/5/2015 6:46,19,67.3,0,2.5,-90,3/1/2016 8:10
12/5/2015 6:47,19,67.3,0,1.8,-90,3/1/2016 8:11
12/5/2015 6:47,19,67.3,0,1.8,-90,3/1/2016 8:12
12/5/2015 6:48,19.1,67,7,2,-90,3/1/2016 8:13
12/5/2015 6:48,19.1,67,7,2,-90,3/1/2016 8:14
12/5/2015 6:49,19.1,66.9,0,2.1,-90,3/1/2016 8:15
12/5/2015 6:49,19.1,66.9,0,2.1,-90,3/1/2016 8:16
12/5/2015 6:50,19.1,66.9,0,1.9,-90,3/1/2016 8:17
12/5/2015 6:50,19.1,66.9,0,1.9,-90,3/1/2016 8:18
12/5/2015 6:51,19.1,66.8,0,2,-90,3/1/2016 8:19
12/5/2015 6:51,19.1,66.8,0,2,-90,3/1/2016 8:20
12/5/2015 6:52,19.1,66.7,0,2.4,-90,3/1/2016 8:21
12/5/2015 6:52,19.1,66.7,0,2.4,-90,3/1/2016 8:22
12/5/2015 6:53,19.2,66.7,24.9,2.3,-90,3/1/2016 8:23
12/5/2015 6:53,19.2,66.7,24.9,2.3,-90,3/1/2016 8:24
12/5/2015 6:54,19.2,66.6,0,3.4,-90,3/1/2016 8:25
12/5/2015 6:54,19.2,66.6,0,3.4,-90,3/1/2016 8:26
12/5/2015 6:55,19.2,66.7,0,1.2,-90,3/1/2016 8:27
12/5/2015 6:55,19.2,66.7,0,1.2,-90,3/1/2016 8:28
12/5/2015 6:56,19.2,66.1,0,1.7,-90,3/1/2016 8:29
12/5/2015 6:56,19.2,66.1,0,1.7,-90,3/1/2016 8:30
12/5/2015 6:57,19.3,66.2,0,2.1,-90,3/1/2016 8:31
12/5/2015 6:57,19.3,66.2,0,2.1,-90,3/1/2016 8:32
12/5/2015 6:58,19.5,66.2,213.2,4.1,-90,3/1/2016 8:33
12/5/2015 6:58,19.5,66.2,213.2,4.1,-90,3/1/2016 8:34
12/5/2015 6:59,19.5,65.7,0,2,-90,3/1/2016 8:35
12/5/2015 6:59,19.5,65.7,0,2,-90,3/1/2016 8:36
12/5/2015 7:00,19.5,65.6,0,2,-90,3/1/2016 8:37
12/5/2015 7:00,19.5,65.6,0,2,-90,3/1/2016 8:38
12/5/2015 7:01,19.5,65.2,213.6,2.2,-90,3/1/2016 8:39
12/5/2015 7:01,19.5,65.2,213.6,2.2,-90,3/1/2016 8:40
12/5/2015 7:02,19.6,64.9,0,1.8,-90,3/1/2016 8:41
12/5/2015 7:02,19.6,64.9,0,1.8,-90,3/1/2016 8:42
12/5/2015 7:03,19.6,65,0,1.5,-90,3/1/2016 8:43
12/5/2015 7:03,19.6,65,0,1.5,-90,3/1/2016 8:44
12/5/2015 7:04,19.6,64.5,236.3,1.2,-90,3/1/2016 8:45
12/5/2015 7:04,19.6,64.5,236.3,1.2,-90,3/1/2016 8:46
12/5/2015 7:05,19.6,64.5,0,1.9,-90,3/1/2016 8:47
12/5/2015 7:05,19.6,64.5,0,1.9,-90,3/1/2016 8:48
12/5/2015 7:06,19.7,64.4,0,0.6,-90,3/1/2016 8:49
12/5/2015 7:06,19.7,64.4,0,0.6,-90,3/1/2016 8:50
12/5/2015 7:07,19.8,64.2,0,2.2,-90,3/1/2016 8:51
12/5/2015 7:07,19.8,64.2,0,2.2,-90,3/1/2016 8:52
12/5/2015 7:08,19.9,64.1,0,1.9,-90,3/1/2016 8:53
12/5/2015 7:08,19.9,64.1,0,1.9,-90,3/1/2016 8:54
12/5/2015 7:09,20,63.9,0,1.9,-90,3/1/2016 8:55
12/5/2015 7:09,20,63.9,0,1.9,-90,3/1/2016 8:56
12/5/2015 7:10,20.1,63.4,0,2.1,-90,3/1/2016 8:57
12/5/2015 7:10,20.1,63.4,0,2.1,-90,3/1/2016 8:58
12/5/2015 7:11,20.1,63.3,0,2.3,-90,3/1/2016 8:59
12/5/2015 7:11,20.1,63.3,0,2.3,-90,3/1/2016 9:00
12/5/2015 7:12,20.2,63.2,13.1,2.6,-90,3/1/2016 9:01
12/5/2015 7:12,20.2,63.2,13.1,2.6,-90,3/1/2016 9:02
12/5/2015 7:13,20.2,62.8,0,2.9,-90,3/1/2016 9:03
12/5/2015 7:13,20.2,62.8,0,2.9,-90,3/1/2016 9:04
12/5/2015 7:14,20.3,63.1,0,1.5,-90,3/1/2016 9:05
12/5/2015 7:14,20.3,63.1,0,1.5,-90,3/1/2016 9:06
12/5/2015 7:15,20.3,62.8,0,1.3,-90,3/1/2016 9:07
12/5/2015 7:15,20.3,62.8,0,1.3,-90,3/1/2016 9:08
12/5/2015 7:16,20.4,62.7,0,2.7,-90,3/1/2016 9:09
12/5/2015 7:16,20.4,62.7,0,2.7,-90,3/1/2016 9:10
12/5/2015 7:17,20.4,61.5,0,2.5,-90,3/1/2016 9:11
12/5/2015 7:17,20.4,61.5,0,2.5,-90,3/1/2016 9:12
12/5/2015 7:18,20.4,61.4,0,1.9,-90,3/1/2016 9:13
12/5/2015 7:18,20.4,61.4,0,1.9,-90,3/1/2016 9:14
12/5/2015 7:19,20.4,61.4,0,2.4,-90,3/1/2016 9:15
12/5/2015 7:19,20.4,61.4,0,2.4,-90,3/1/2016 9:16
12/5/2015 7:20,20.5,60.9,0,0.5,-90,3/1/2016 9:17
12/5/2015 7:20,20.5,60.9,0,0.5,-90,3/1/2016 9:18
12/5/2015 7:21,20.5,60.8,0,0.5,-90,3/1/2016 9:19
12/5/2015 7:21,20.5,60.8,0,0.5,-90,3/1/2016 9:20
12/5/2015 7:22,20.6,60.7,0,1.8,-90,3/1/2016 9:21
12/5/2015 7:22,20.6,60.7,0,1.8,-90,3/1/2016 9:22
12/5/2015 7:23,20.6,60.5,0,1.6,-90,3/1/2016 9:23
12/5/2015 7:23,20.6,60.5,0,1.6,-90,3/1/2016 9:24
12/5/2015 7:24,20.7,60.2,0,1.6,-90,3/1/2016 9:25
12/5/2015 7:24,20.7,60.2,0,1.6,-90,3/1/2016 9:26
12/5/2015 7:25,20.7,60.1,0,1.1,-90,3/1/2016 9:27
12/5/2015 7:25,20.7,60.1,0,1.1,-90,3/1/2016 9:28
12/5/2015 7:26,20.7,60.1,0,0.8,-90,3/1/2016 9:29
12/5/2015 7:26,20.7,60.1,0,0.8,-90,3/1/2016 9:30
12/5/2015 7:27,20.9,60.1,0,1.8,-90,3/1/2016 9:31
12/5/2015 7:27,20.9,60.1,0,1.8,-90,3/1/2016 9:32
12/5/2015 7:28,21,59.5,0,2.9,-90,3/1/2016 9:33
12/5/2015 7:28,21,59.5,0,2.9,-90,3/1/2016 9:34
12/5/2015 7:29,21,59.4,0,2.9,-90,3/1/2016 9:35
12/5/2015 7:29,21,59.4,0,2.9,-90,3/1/2016 9:36
12/5/2015 7:30,21,59,0,2.2,-90,3/1/2016 9:37
12/5/2015 7:30,21,59,0,2.2,-90,3/1/2016 9:38
12/5/2015 7:31,21.1,59.4,0,2.1,-90,3/1/2016 9:39
12/5/2015 7:31,21.1,59.4,0,2.1,-90,3/1/2016 9:40
12/5/2015 7:32,21.1,59.3,0,0.6,-90,3/1/2016 9:41
12/5/2015 7:32,21.1,59.3,0,0.6,-90,3/1/2016 9:42
12/5/2015 7:33,21.1,59.3,0,2.5,-90,3/1/2016 9:43
12/5/2015 7:33,21.1,59.3,0,2.5,-90,3/1/2016 9:44
12/5/2015 7:34,21.1,59.1,0,2.1,-90,3/1/2016 9:45
12/5/2015 7:34,21.1,59.1,0,2.1,-90,3/1/2016 9:46
12/5/2015 7:35,21.1,59.1,0,1.8,-90,3/1/2016 9:47
12/5/2015 7:35,21.1,59.1,0,1.8,-90,3/1/2016 9:48
12/5/2015 7:36,21.2,59,0,2.2,-90,3/1/2016 9:49
12/5/2015 7:36,21.2,59,0,2.2,-90,3/1/2016 9:50
12/5/2015 7:37,21.2,58.5,0,1.6,-90,3/1/2016 9:51
12/5/2015 7:37,21.2,58.5,0,1.6,-90,3/1/2016 9:52
12/5/2015 7:38,21.2,58.6,0,1.6,-90,3/1/2016 9:53
12/5/2015 7:38,21.2,58.6,0,1.6,-90,3/1/2016 9:54
12/5/2015 7:39,21.3,58.4,0,2.2,-90,3/1/2016 9:55
12/5/2015 7:39,21.3,58.4,0,2.2,-90,3/1/2016 9:56
12/5/2015 7:40,21.3,59,0,2.2,-90,3/1/2016 9:57
12/5/2015 7:40,21.3,59,0,2.2,-90,3/1/2016 9:58
12/5/2015 7:41,21.3,58.4,0,1.9,-90,3/1/2016 9:59
12/5/2015 7:41,21.3,58.4,0,1.9,-90,3/1/2016 10:00
12/5/2015 7:42,21.3,57.7,0,2.2,-90,3/1/2016 10:01
12/5/2015 7:42,21.3,57.7,0,2.2,-90,3/1/2016 10:02
12/5/2015 7:43,21.3,58,0,1.8,-90,3/1/2016 10:03
12/5/2015 7:43,21.3,58,0,1.8,-90,3/1/2016 10:04
12/5/2015 7:44,21.3,57.9,0,3.5,-90,3/1/2016 10:05
12/5/2015 7:44,21.3,57.9,0,3.5,-90,3/1/2016 10:06
12/5/2015 7:45,21.3,57.8,0,1.7,-90,3/1/2016 10:07
12/5/2015 7:45,21.3,57.8,0,1.7,-90,3/1/2016 10:08
12/5/2015 7:46,21.3,58,0,2.3,-90,3/1/2016 10:09
12/5/2015 7:46,21.3,58,0,2.3,-90,3/1/2016 10:10
12/5/2015 7:47,21.4,57.6,0,3.5,-90,3/1/2016 10:11
12/5/2015 7:47,21.4,57.6,0,3.5,-90,3/1/2016 10:12
12/5/2015 7:48,21.5,57.8,0,2.5,-90,3/1/2016 10:13
12/5/2015 7:48,21.5,57.8,0,2.5,-90,3/1/2016 10:14
12/5/2015 7:49,21.5,57.1,0,2.5,-90,3/1/2016 10:15
12/5/2015 7:49,21.5,57.1,0,2.5,-90,3/1/2016 10:16
12/5/2015 7:50,21.6,56.8,0,2.4,-90,3/1/2016 10:17
12/5/2015 7:50,21.6,56.8,0,2.4,-90,3/1/2016 10:18
12/5/2015 7:51,21.6,56.8,0,1.8,-90,3/1/2016 10:19
12/5/2015 7:51,21.6,56.8,0,1.8,-90,3/1/2016 10:20
12/5/2015 7:52,21.6,57,0,1.2,-90,3/1/2016 10:21
12/5/2015 7:52,21.6,57,0,1.2,-90,3/1/2016 10:22
12/5/2015 7:53,21.7,56.7,0,2.3,-90,3/1/2016 10:23
12/5/2015 7:53,21.7,56.7,0,2.3,-90,3/1/2016 10:24
12/5/2015 7:54,22,56.4,0,2,-90,3/1/2016 10:25
12/5/2015 7:54,22,56.4,0,2,-90,3/1/2016 10:26
12/5/2015 7:55,22.1,55.6,0,3,-90,3/1/2016 10:27
12/5/2015 7:55,22.1,55.6,0,3,-90,3/1/2016 10:28
12/5/2015 7:56,22.1,55.4,0,1.4,-90,3/1/2016 10:29
12/5/2015 7:56,22.1,55.4,0,1.4,-90,3/1/2016 10:30
12/5/2015 7:57,22.1,55.6,0,1.5,-90,3/1/2016 10:31
12/5/2015 7:57,22.1,55.6,0,1.5,-90,3/1/2016 10:32
12/5/2015 7:58,22.2,54.9,0,2.3,-90,3/1/2016 10:33
12/5/2015 7:58,22.2,54.9,0,2.3,-90,3/1/2016 10:34
12/5/2015 7:59,22.2,54.9,0,2.9,-90,3/1/2016 10:35
12/5/2015 7:59,22.2,54.9,0,2.9,-90,3/1/2016 10:36
12/5/2015 8:00,22.3,54.9,0,1.3,-90,3/1/2016 10:37
12/5/2015 8:00,22.3,54.9,0,1.3,-90,3/1/2016 10:38
12/5/2015 8:01,22.3,54.7,0,0.6,-90,3/1/2016 10:39
12/5/2015 8:01,22.3,54.7,0,0.6,-90,3/1/2016 10:40
12/5/2015 8:02,22.4,54.2,0,2.6,-90,3/1/2016 10:41
12/5/2015 8:02,22.4,54.2,0,2.6,-90,3/1/2016 10:42
12/5/2015 8:03,22.4,54.1,0,2,-90,3/1/2016 10:43
12/5/2015 8:03,22.4,54.1,0,2,-90,3/1/2016 10:44
12/5/2015 8:04,22.5,54.3,0,2,-90,3/1/2016 10:45
12/5/2015 8:04,22.5,54.3,0,2,-90,3/1/2016 10:46
12/5/2015 8:05,22.5,53.6,0,0.7,-90,3/1/2016 10:47
12/5/2015 8:05,22.5,53.6,0,0.7,-90,3/1/2016 10:48
12/5/2015 8:06,22.6,53.4,0,2.9,-90,3/1/2016 10:49
12/5/2015 8:06,22.6,53.4,0,2.9,-90,3/1/2016 10:50
12/5/2015 8:07,22.6,53.5,27.2,1.1,-90,3/1/2016 10:51
12/5/2015 8:07,22.6,53.5,27.2,1.1,-90,3/1/2016 10:52
12/5/2015 8:08,22.7,53.7,0,2,-90,3/1/2016 10:53
12/5/2015 8:08,22.7,53.7,0,2,-90,3/1/2016 10:54
12/5/2015 8:09,22.7,53.2,0,2.9,-90,3/1/2016 10:55
12/5/2015 8:09,22.7,53.2,0,2.9,-90,3/1/2016 10:56
12/5/2015 8:10,22.7,53,0,2.1,-90,3/1/2016 10:57
12/5/2015 8:10,22.7,53,0,2.1,-90,3/1/2016 10:58
12/5/2015 8:11,22.7,53.2,109.3,3.2,-90,3/1/2016 10:59
12/5/2015 8:11,22.7,53.2,109.3,3.2,-90,3/1/2016 11:00
12/5/2015 8:12,22.6,53.2,0,1.2,-90,3/1/2016 11:01
12/5/2015 8:12,22.6,53.2,0,1.2,-90,3/1/2016 11:02
12/5/2015 8:13,22.6,53.2,0,1.2,-90,3/1/2016 11:03
12/5/2015 8:13,22.6,53.2,0,1.2,-90,3/1/2016 11:04
12/5/2015 8:14,22.6,53.2,0,2.2,-90,3/1/2016 11:05
12/5/2015 8:14,22.6,53.2,0,2.2,-90,3/1/2016 11:06
12/5/2015 8:15,22.6,53.4,0,1.1,-90,3/1/2016 11:07
12/5/2015 8:15,22.6,53.4,0,1.1,-90,3/1/2016 11:08
12/5/2015 8:16,22.7,53.5,0,1.1,-90,3/1/2016 11:09
12/5/2015 8:16,22.7,53.5,0,1.1,-90,3/1/2016 11:10
12/5/2015 8:17,22.7,53.4,0,3.6,-90,3/1/2016 11:11
12/5/2015 8:17,22.7,53.4,0,3.6,-90,3/1/2016 11:12
12/5/2015 8:18,22.6,53.6,0,3.3,-90,3/1/2016 11:13
12/5/2015 8:18,22.6,53.6,0,3.3,-90,3/1/2016 11:14
12/5/2015 8:19,22.6,53.5,0,2.8,-90,3/1/2016 11:15
12/5/2015 8:19,22.6,53.5,0,2.8,-90,3/1/2016 11:16
12/5/2015 8:20,22.5,53.5,94.7,3.7,-90,3/1/2016 11:17
12/5/2015 8:20,22.5,53.5,94.7,3.7,-90,3/1/2016 11:18
12/5/2015 8:21,22.5,53.8,0,3.5,-90,3/1/2016 11:19
12/5/2015 8:21,22.5,53.8,0,3.5,-90,3/1/2016 11:20
12/5/2015 8:22,22.5,54.1,0,1.8,-90,3/1/2016 11:21
12/5/2015 8:22,22.5,54.1,0,1.8,-90,3/1/2016 11:22
12/5/2015 8:23,22.6,54.4,0,3.4,-90,3/1/2016 11:23
12/5/2015 8:23,22.6,54.4,0,3.4,-90,3/1/2016 11:24
12/5/2015 8:24,22.7,53.7,0,1.5,-90,3/1/2016 11:25
12/5/2015 8:24,22.7,53.7,0,1.5,-90,3/1/2016 11:26
12/5/2015 8:25,22.8,53.4,105.1,1.2,-90,3/1/2016 11:27
12/5/2015 8:25,22.8,53.4,105.1,1.2,-90,3/1/2016 11:28
12/5/2015 8:26,22.9,53.9,0,1.1,-90,3/1/2016 11:29
12/5/2015 8:26,22.9,53.9,0,1.1,-90,3/1/2016 11:30
12/5/2015 8:27,23,53,101.7,0.9,-90,3/1/2016 11:31
12/5/2015 8:27,23,53,101.7,0.9,-90,3/1/2016 11:32
12/5/2015 8:28,23,53,0,0.9,-90,3/1/2016 11:33
12/5/2015 8:28,23,53,0,0.9,-90,3/1/2016 11:34
12/5/2015 8:29,23,52.9,0,2.4,-90,3/1/2016 11:35
12/5/2015 8:29,23,52.9,0,2.4,-90,3/1/2016 11:36
12/5/2015 8:30,23.1,52.8,0,2.4,-90,3/1/2016 11:37
12/5/2015 8:30,23.1,52.8,0,2.4,-90,3/1/2016 11:38
12/5/2015 8:31,23.1,52.9,0,0.8,-90,3/1/2016 11:39
12/5/2015 8:31,23.1,52.9,0,0.8,-90,3/1/2016 11:40
12/5/2015 8:32,23.3,51.9,0,0.9,-90,3/1/2016 11:41
12/5/2015 8:32,23.3,51.9,0,0.9,-90,3/1/2016 11:42
12/5/2015 8:33,23.4,51.7,0,1.9,-90,3/1/2016 11:43
12/5/2015 8:33,23.4,51.7,0,1.9,-90,3/1/2016 11:44
12/5/2015 8:34,23.5,51.7,0,1,-90,3/1/2016 11:45
12/5/2015 8:34,23.5,51.7,0,1,-90,3/1/2016 11:46
12/5/2015 8:35,23.6,51.5,0,0.8,-90,3/1/2016 11:47
12/5/2015 8:35,23.6,51.5,0,0.8,-90,3/1/2016 11:48
12/5/2015 8:36,23.7,51.3,0,1.1,-90,3/1/2016 11:49
12/5/2015 8:36,23.7,51.3,0,1.1,-90,3/1/2016 11:50
12/5/2015 8:37,23.8,50.6,0,3.7,-90,3/1/2016 11:51
12/5/2015 8:37,23.8,50.6,0,3.7,-90,3/1/2016 11:52
12/5/2015 8:38,23.8,50.7,67.1,0.9,-90,3/1/2016 11:53
12/5/2015 8:38,23.8,50.7,67.1,0.9,-90,3/1/2016 11:54
12/5/2015 8:39,23.7,50.7,0,1.4,-90,3/1/2016 11:55
12/5/2015 8:39,23.7,50.7,0,1.4,-90,3/1/2016 11:56
12/5/2015 8:40,23.6,51,0,2.6,-90,3/1/2016 11:57
12/5/2015 8:40,23.6,51,0,2.6,-90,3/1/2016 11:58
12/5/2015 8:41,23.6,50.8,0,0.7,-90,3/1/2016 11:59
12/5/2015 8:41,23.6,50.8,0,0.7,-90,3/1/2016 12:00
12/5/2015 8:42,23.6,51,0,1.7,-90,3/1/2016 12:01
12/5/2015 8:42,23.6,51,0,1.7,-90,3/1/2016 12:02
12/5/2015 8:43,23.5,51.4,0,2.4,-90,3/1/2016 12:03
12/5/2015 8:43,23.5,51.4,0,2.4,-90,3/1/2016 12:04
12/5/2015 8:44,23.4,51.2,0,0.7,-90,3/1/2016 12:05
12/5/2015 8:44,23.4,51.2,0,0.7,-90,3/1/2016 12:06
12/5/2015 8:45,23.3,51.1,0,2,-90,3/1/2016 12:07
12/5/2015 8:45,23.3,51.1,0,2,-90,3/1/2016 12:08
12/5/2015 8:46,23.3,51.6,0,1.6,-90,3/1/2016 12:09
12/5/2015 8:46,23.3,51.6,0,1.6,-90,3/1/2016 12:10
12/5/2015 8:47,23.4,51.1,243.7,1.4,-90,3/1/2016 12:11
12/5/2015 8:47,23.4,51.1,243.7,1.4,-90,3/1/2016 12:12
12/5/2015 8:48,23.4,51.6,273.7,1.2,-90,3/1/2016 12:13
12/5/2015 8:48,23.4,51.6,273.7,1.2,-90,3/1/2016 12:14
12/5/2015 8:49,23.4,51.5,267,1.8,-90,3/1/2016 12:15
12/5/2015 8:49,23.4,51.5,267,1.8,-90,3/1/2016 12:16
12/5/2015 8:50,23.5,51.5,84.8,3,-90,3/1/2016 12:17
12/5/2015 8:50,23.5,51.5,84.8,3,-90,3/1/2016 12:18
12/5/2015 8:51,23.5,51.3,135.8,1.4,-90,3/1/2016 12:19
12/5/2015 8:51,23.5,51.3,135.8,1.4,-90,3/1/2016 12:20
12/5/2015 8:52,23.4,51.4,200.7,1.9,-90,3/1/2016 12:21
12/5/2015 8:52,23.4,51.4,200.7,1.9,-90,3/1/2016 12:22
12/5/2015 8:53,23.4,51.6,347.5,1.6,-90,3/1/2016 12:23
12/5/2015 8:53,23.4,51.6,347.5,1.6,-90,3/1/2016 12:24
12/5/2015 8:54,23.4,50.9,435.2,1.1,-90,3/1/2016 12:25
12/5/2015 8:54,23.4,50.9,435.2,1.1,-90,3/1/2016 12:26
12/5/2015 8:55,23.5,50.7,113,1.6,-90,3/1/2016 12:27
12/5/2015 8:55,23.5,50.7,113,1.6,-90,3/1/2016 12:28
12/5/2015 8:56,23.5,51,218.3,1.2,-90,3/1/2016 12:29
12/5/2015 8:56,23.5,51,218.3,1.2,-90,3/1/2016 12:30
12/5/2015 8:57,23.5,51.5,320.7,1.4,-90,3/1/2016 12:31
12/5/2015 8:57,23.5,51.5,320.7,1.4,-90,3/1/2016 12:32
12/5/2015 8:58,23.6,50.9,547,2.3,-90,3/1/2016 12:33
12/5/2015 8:58,23.6,50.9,547,2.3,-90,3/1/2016 12:34
12/5/2015 8:59,23.7,50.7,0,0.9,-90,3/1/2016 12:35
12/5/2015 8:59,23.7,50.7,0,0.9,-90,3/1/2016 12:36
12/5/2015 9:00,23.8,50.6,0,1.9,-90,3/1/2016 12:37
12/5/2015 9:00,23.8,50.6,0,1.9,-90,3/1/2016 12:38
12/5/2015 9:01,24.1,50.6,0,1.5,-90,3/1/2016 12:39
12/5/2015 9:01,24.1,50.6,0,1.5,-90,3/1/2016 12:40
12/5/2015 9:02,24.3,50.2,0,1.9,-90,3/1/2016 12:41
12/5/2015 9:02,24.3,50.2,0,1.9,-90,3/1/2016 12:42
12/5/2015 9:03,24.5,50.1,0,1.2,-90,3/1/2016 12:43
12/5/2015 9:03,24.5,50.1,0,1.2,-90,3/1/2016 12:44
12/5/2015 9:04,24.5,49.6,0,1.9,-90,3/1/2016 12:45
12/5/2015 9:04,24.5,49.6,0,1.9,-90,3/1/2016 12:46
12/5/2015 9:05,24.4,49.4,0,2.3,-90,3/1/2016 12:47
12/5/2015 9:05,24.4,49.4,0,2.3,-90,3/1/2016 12:48
12/5/2015 9:06,24,49.5,0,2.4,-90,3/1/2016 12:49
12/5/2015 9:06,24,49.5,0,2.4,-90,3/1/2016 12:50
12/5/2015 9:07,23.9,50.1,0,2.5,-90,3/1/2016 12:51
12/5/2015 9:07,23.9,50.1,0,2.5,-90,3/1/2016 12:52
12/5/2015 9:08,23.8,49.6,0,1.9,-90,3/1/2016 12:53
12/5/2015 9:08,23.8,49.6,0,1.9,-90,3/1/2016 12:54
12/5/2015 9:09,23.8,49.9,0,1.5,-90,3/1/2016 12:55
12/5/2015 9:09,23.8,49.9,0,1.5,-90,3/1/2016 12:56
12/5/2015 9:10,23.8,50.3,0,2,-90,3/1/2016 12:57
12/5/2015 9:10,23.8,50.3,0,2,-90,3/1/2016 12:58
12/5/2015 9:11,24,49.9,0,2,-90,3/1/2016 12:59
12/5/2015 9:11,24,49.9,0,2,-90,3/1/2016 13:00
12/5/2015 9:12,24.2,50,0,1.5,-90,3/1/2016 13:01
12/5/2015 9:12,24.2,50,0,1.5,-90,3/1/2016 13:02
12/5/2015 9:13,24.3,49.6,124,1.9,-90,3/1/2016 13:03
12/5/2015 9:13,24.3,49.6,124,1.9,-90,3/1/2016 13:04
12/5/2015 9:14,24.3,49.4,0,1.1,-90,3/1/2016 13:05
12/5/2015 9:14,24.3,49.4,0,1.1,-90,3/1/2016 13:06
12/5/2015 9:15,24.5,49.3,202.6,0.9,-90,3/1/2016 13:07
12/5/2015 9:15,24.5,49.3,202.6,0.9,-90,3/1/2016 13:08
12/5/2015 9:16,24.5,49.3,201.3,1.7,-90,3/1/2016 13:09
12/5/2015 9:16,24.5,49.3,201.3,1.7,-90,3/1/2016 13:10
12/5/2015 9:17,24.4,49.4,212.7,0.7,-90,3/1/2016 13:11
12/5/2015 9:17,24.4,49.4,212.7,0.7,-90,3/1/2016 13:12
12/5/2015 9:18,24.3,49.2,0,0.7,-90,3/1/2016 13:13
12/5/2015 9:18,24.3,49.2,0,0.7,-90,3/1/2016 13:14
12/5/2015 9:19,24.2,49.8,0,1.1,-90,3/1/2016 13:15
12/5/2015 9:19,24.2,49.8,0,1.1,-90,3/1/2016 13:16
12/5/2015 9:20,24,49.9,0,2,-90,3/1/2016 13:17
12/5/2015 9:20,24,49.9,0,2,-90,3/1/2016 13:18
12/5/2015 9:21,24,50,148.3,2.5,-90,3/1/2016 13:19
12/5/2015 9:21,24,50,148.3,2.5,-90,3/1/2016 13:20
12/5/2015 9:22,24,49.9,0,2.1,-90,3/1/2016 13:21
12/5/2015 9:22,24,49.9,0,2.1,-90,3/1/2016 13:22
12/5/2015 9:23,24,49.8,0,2.6,-90,3/1/2016 13:23
12/5/2015 9:23,24,49.8,0,2.6,-90,3/1/2016 13:24
12/5/2015 9:24,24,49.4,0,1.3,-90,3/1/2016 13:25
12/5/2015 9:24,24,49.4,0,1.3,-90,3/1/2016 13:26
12/5/2015 9:25,24,49.8,170.5,3,-90,3/1/2016 13:27
12/5/2015 9:25,24,49.8,170.5,3,-90,3/1/2016 13:28
12/5/2015 9:26,24,50,278.7,3.4,-90,3/1/2016 13:29
12/5/2015 9:26,24,50,278.7,3.4,-90,3/1/2016 13:30
12/5/2015 9:27,23.8,49.7,272.5,2.5,-90,3/1/2016 13:31
12/5/2015 9:27,23.8,49.7,272.5,2.5,-90,3/1/2016 13:32
12/5/2015 9:28,23.8,49.8,0,2.3,-90,3/1/2016 13:33
12/5/2015 9:28,23.8,49.8,0,2.3,-90,3/1/2016 13:34
12/5/2015 9:29,23.8,50.1,0,1.7,-90,3/1/2016 13:35
12/5/2015 9:29,23.8,50.1,0,1.7,-90,3/1/2016 13:36
12/5/2015 9:30,23.8,50.1,309.2,0.8,-90,3/1/2016 13:37
12/5/2015 9:30,23.8,50.1,309.2,0.8,-90,3/1/2016 13:38
12/5/2015 9:31,23.8,50.3,0,2.1,-90,3/1/2016 13:39
12/5/2015 9:31,23.8,50.3,0,2.1,-90,3/1/2016 13:40
12/5/2015 9:32,23.8,50.1,0,2.1,-90,3/1/2016 13:41
12/5/2015 9:32,23.8,50.1,0,2.1,-90,3/1/2016 13:42
12/5/2015 9:33,23.8,50,0,3.4,-90,3/1/2016 13:43
12/5/2015 9:33,23.8,50,0,3.4,-90,3/1/2016 13:44
12/5/2015 9:34,23.7,50.2,0,2.3,-90,3/1/2016 13:45
12/5/2015 9:34,23.7,50.2,0,2.3,-90,3/1/2016 13:46
12/5/2015 9:35,23.7,50.3,185.1,3.7,-90,3/1/2016 13:47
12/5/2015 9:35,23.7,50.3,185.1,3.7,-90,3/1/2016 13:48
12/5/2015 9:36,23.7,50.2,222.2,1.6,-90,3/1/2016 13:49
12/5/2015 9:36,23.7,50.2,222.2,1.6,-90,3/1/2016 13:50
12/5/2015 9:37,23.7,50.3,229.2,3.2,-90,3/1/2016 13:51
12/5/2015 9:37,23.7,50.3,229.2,3.2,-90,3/1/2016 13:52
12/5/2015 9:38,23.8,50.1,27.1,1.3,-90,3/1/2016 13:53
12/5/2015 9:38,23.8,50.1,27.1,1.3,-90,3/1/2016 13:54
12/5/2015 9:39,23.9,50,0,2.1,-90,3/1/2016 13:55
12/5/2015 9:39,23.9,50,0,2.1,-90,3/1/2016 13:56
12/5/2015 9:40,24,49.5,42.1,1.8,-90,3/1/2016 13:57
12/5/2015 9:40,24,49.5,42.1,1.8,-90,3/1/2016 13:58
12/5/2015 9:41,24.3,49,0,1.5,-90,3/1/2016 13:59
12/5/2015 9:41,24.3,49,0,1.5,-90,3/1/2016 14:00
12/5/2015 9:42,24.4,48.5,10.7,0.9,-90,3/1/2016 14:01
12/5/2015 9:42,24.4,48.5,10.7,0.9,-90,3/1/2016 14:02
12/5/2015 9:43,24.5,48.3,0,1.5,-90,3/1/2016 14:03
12/5/2015 9:43,24.5,48.3,0,1.5,-90,3/1/2016 14:04
12/5/2015 9:44,24.6,48.5,0,2.1,-90,3/1/2016 14:05
12/5/2015 9:44,24.6,48.5,0,2.1,-90,3/1/2016 14:06
12/5/2015 9:45,24.6,47.9,364.5,2.7,-90,3/1/2016 14:07
12/5/2015 9:45,24.6,47.9,364.5,2.7,-90,3/1/2016 14:08
12/5/2015 9:46,24.8,48.8,0,0.6,-90,3/1/2016 14:09
12/5/2015 9:46,24.8,48.8,0,0.6,-90,3/1/2016 14:10
12/5/2015 9:47,24.9,48.4,0,1,-90,3/1/2016 14:11
12/5/2015 9:47,24.9,48.4,0,1,-90,3/1/2016 14:12
12/5/2015 9:48,24.9,47.6,0,0.5,-90,3/1/2016 14:13
12/5/2015 9:48,24.9,47.6,0,0.5,-90,3/1/2016 14:14
12/5/2015 9:49,24.9,47.4,0,0.5,-90,3/1/2016 14:15
12/5/2015 9:49,24.9,47.4,0,0.5,-90,3/1/2016 14:16
12/5/2015 9:50,24.8,47.7,202.1,1.2,-90,3/1/2016 14:17
12/5/2015 9:50,24.8,47.7,202.1,1.2,-90,3/1/2016 14:18
12/5/2015 9:51,24.8,47.5,208.3,1.4,-90,3/1/2016 14:19
12/5/2015 9:51,24.8,47.5,208.3,1.4,-90,3/1/2016 14:20
12/5/2015 9:52,24.7,47.4,0,0.6,-90,3/1/2016 14:21
12/5/2015 9:52,24.7,47.4,0,0.6,-90,3/1/2016 14:22
12/5/2015 9:53,24.7,47.7,0,1.3,-90,3/1/2016 14:23
12/5/2015 9:53,24.7,47.7,0,1.3,-90,3/1/2016 14:24
12/5/2015 9:54,24.8,46.9,0,2.1,-90,3/1/2016 14:25
12/5/2015 9:54,24.8,46.9,0,2.1,-90,3/1/2016 14:26
12/5/2015 9:55,24.9,47,0,2.6,-90,3/1/2016 14:27
12/5/2015 9:55,24.9,47,0,2.6,-90,3/1/2016 14:28
12/5/2015 9:56,25,47.3,0,2.2,-90,3/1/2016 14:29
12/5/2015 9:56,25,47.3,0,2.2,-90,3/1/2016 14:30
12/5/2015 9:57,25.2,46.8,0,1.8,-90,3/1/2016 14:31
12/5/2015 9:57,25.2,46.8,0,1.8,-90,3/1/2016 14:32
12/5/2015 9:58,25.2,46.4,0,1.9,-90,3/1/2016 14:33
12/5/2015 9:58,25.2,46.4,0,1.9,-90,3/1/2016 14:34
12/5/2015 9:59,25.3,46.5,0,2.3,-90,3/1/2016 14:35
12/5/2015 9:59,25.3,46.5,0,2.3,-90,3/1/2016 14:36
12/5/2015 10:00,25.4,45.6,0,0.9,-90,3/1/2016 14:37
12/5/2015 10:00,25.4,45.6,0,0.9,-90,3/1/2016 14:38
12/5/2015 10:01,25.5,45.6,0,1.6,-90,3/1/2016 14:39
12/5/2015 10:01,25.5,45.6,0,1.6,-90,3/1/2016 14:40
12/5/2015 10:02,25.6,45.3,0,1.6,-90,3/1/2016 14:41
12/5/2015 10:02,25.6,45.3,0,1.6,-90,3/1/2016 14:42
12/5/2015 10:03,25.6,44.9,0,0.8,-90,3/1/2016 14:43
12/5/2015 10:03,25.6,44.9,0,0.8,-90,3/1/2016 14:44
12/5/2015 10:04,25.5,45.1,0,1.8,-90,3/1/2016 14:45
12/5/2015 10:04,25.5,45.1,0,1.8,-90,3/1/2016 14:46
12/5/2015 10:05,25.5,45.1,0,1.2,-90,3/1/2016 14:47
12/5/2015 10:05,25.5,45.1,0,1.2,-90,3/1/2016 14:48
12/5/2015 10:06,25.4,45.6,0,0.8,-90,3/1/2016 14:49
12/5/2015 10:06,25.4,45.6,0,0.8,-90,3/1/2016 14:50
12/5/2015 10:07,25.3,45.6,0,1.1,-90,3/1/2016 14:51
12/5/2015 10:07,25.3,45.6,0,1.1,-90,3/1/2016 14:52
12/5/2015 10:08,25.3,45,0,1.6,-90,3/1/2016 14:53
12/5/2015 10:08,25.3,45,0,1.6,-90,3/1/2016 14:54
12/5/2015 10:09,25.2,44.5,0,1.6,-90,3/1/2016 14:55
12/5/2015 10:09,25.2,44.5,0,1.6,-90,3/1/2016 14:56
12/5/2015 10:10,25.2,45.3,0,3,-90,3/1/2016 14:57
12/5/2015 10:10,25.2,45.3,0,3,-90,3/1/2016 14:58
12/5/2015 10:11,25.2,44.8,0,1.6,-90,3/1/2016 14:59
12/5/2015 10:11,25.2,44.8,0,1.6,-90,3/1/2016 15:00
12/5/2015 10:12,25.3,44.7,0,0.5,-90,3/1/2016 15:01
12/5/2015 10:12,25.3,44.7,0,0.5,-90,3/1/2016 15:02
12/5/2015 10:13,25.5,45.1,0,1.1,-90,3/1/2016 15:03
12/5/2015 10:13,25.5,45.1,0,1.1,-90,3/1/2016 15:04
12/5/2015 10:14,25.6,44.4,0,0.9,-90,3/1/2016 15:05
12/5/2015 10:14,25.6,44.4,0,0.9,-90,3/1/2016 15:06
12/5/2015 10:15,25.5,44.1,0,1.7,-90,3/1/2016 15:07
12/5/2015 10:15,25.5,44.1,0,1.7,-90,3/1/2016 15:08
12/5/2015 10:16,25.5,44.5,0,2.6,-90,3/1/2016 15:09
12/5/2015 10:16,25.5,44.5,0,2.6,-90,3/1/2016 15:10
12/5/2015 10:17,25.4,44.2,0,1.9,-90,3/1/2016 15:11
12/5/2015 10:17,25.4,44.2,0,1.9,-90,3/1/2016 15:12
12/5/2015 10:18,25.3,44.4,0,1.9,-90,3/1/2016 15:13
12/5/2015 10:18,25.3,44.4,0,1.9,-90,3/1/2016 15:14
12/5/2015 10:19,25.1,44.4,0,2.3,-90,3/1/2016 15:15
12/5/2015 10:19,25.1,44.4,0,2.3,-90,3/1/2016 15:16
12/5/2015 10:20,25.1,45.2,0,1.4,-90,3/1/2016 15:17
12/5/2015 10:20,25.1,45.2,0,1.4,-90,3/1/2016 15:18
12/5/2015 10:21,25.1,45.1,0,0.8,-90,3/1/2016 15:19
12/5/2015 10:21,25.1,45.1,0,0.8,-90,3/1/2016 15:20
12/5/2015 10:22,25.1,45.2,0,0.9,-90,3/1/2016 15:21
12/5/2015 10:22,25.1,45.2,0,0.9,-90,3/1/2016 15:22
12/5/2015 10:23,25.1,45.1,0,0.7,-90,3/1/2016 15:23
12/5/2015 10:23,25.1,45.1,0,0.7,-90,3/1/2016 15:24
12/5/2015 10:24,25.1,45.5,0,0.5,-90,3/1/2016 15:25
12/5/2015 10:24,25.1,45.5,0,0.5,-90,3/1/2016 15:26
12/5/2015 10:25,25.1,45.5,0,1.3,-90,3/1/2016 15:27
12/5/2015 10:25,25.1,45.5,0,1.3,-90,3/1/2016 15:28
12/5/2015 10:26,25.2,45,0,2,-90,3/1/2016 15:29
12/5/2015 10:26,25.2,45,0,2,-90,3/1/2016 15:30
12/5/2015 10:27,25.1,44.9,0,2.5,-90,3/1/2016 15:31
12/5/2015 10:27,25.1,44.9,0,2.5,-90,3/1/2016 15:32
12/5/2015 10:28,25.1,44.8,0,1.3,-90,3/1/2016 15:33
12/5/2015 10:28,25.1,44.8,0,1.3,-90,3/1/2016 15:34
12/5/2015 10:29,25.1,45.2,0,0.9,-90,3/1/2016 15:35
12/5/2015 10:29,25.1,45.2,0,0.9,-90,3/1/2016 15:36
12/5/2015 10:30,25,45.4,0,0.9,-90,3/1/2016 15:37
12/5/2015 10:30,25,45.4,0,0.9,-90,3/1/2016 15:38
12/5/2015 10:31,25,45.6,0,1.7,-90,3/1/2016 15:39
12/5/2015 10:31,25,45.6,0,1.7,-90,3/1/2016 15:40
12/5/2015 10:32,24.8,45.3,0,2.2,-90,3/1/2016 15:41
12/5/2015 10:32,24.8,45.3,0,2.2,-90,3/1/2016 15:42
12/5/2015 10:33,24.7,45.8,0,0.9,-90,3/1/2016 15:43
12/5/2015 10:33,24.7,45.8,0,0.9,-90,3/1/2016 15:44
12/5/2015 10:34,24.7,45.6,0,1.6,-90,3/1/2016 15:45
12/5/2015 10:34,24.7,45.6,0,1.6,-90,3/1/2016 15:46
12/5/2015 10:35,24.6,45.8,0,1.2,-90,3/1/2016 15:47
12/5/2015 10:35,24.6,45.8,0,1.2,-90,3/1/2016 15:48
12/5/2015 10:36,24.6,45.6,0,0.8,-90,3/1/2016 15:49
12/5/2015 10:36,24.6,45.6,0,0.8,-90,3/1/2016 15:50
12/5/2015 10:37,24.6,45.8,0,0.8,-90,3/1/2016 15:51
12/5/2015 10:37,24.6,45.8,0,0.8,-90,3/1/2016 15:52
12/5/2015 10:38,24.6,45.7,0,1.2,-90,3/1/2016 15:53
12/5/2015 10:38,24.6,45.7,0,1.2,-90,3/1/2016 15:54
12/5/2015 10:39,24.6,45.6,0,0.8,-90,3/1/2016 15:55
12/5/2015 10:39,24.6,45.6,0,0.8,-90,3/1/2016 15:56
12/5/2015 10:40,24.6,45.5,0,1.2,-90,3/1/2016 15:57
12/5/2015 10:40,24.6,45.5,0,1.2,-90,3/1/2016 15:58
12/5/2015 10:41,24.6,45.5,204.5,1,-90,3/1/2016 15:59
12/5/2015 10:41,24.6,45.5,204.5,1,-90,3/1/2016 16:00
12/5/2015 10:42,24.7,45.5,217.5,2.3,-90,3/1/2016 16:01
12/5/2015 10:42,24.7,45.5,217.5,2.3,-90,3/1/2016 16:02
12/5/2015 10:43,24.8,45.5,0,1,-90,3/1/2016 16:03
12/5/2015 10:43,24.8,45.5,0,1,-90,3/1/2016 16:04
12/5/2015 10:44,24.9,45.8,0,0.3,-90,3/1/2016 16:05
12/5/2015 10:44,24.9,45.8,0,0.3,-90,3/1/2016 16:06
12/5/2015 10:45,24.9,45.5,0,1.1,-90,3/1/2016 16:07
12/5/2015 10:45,24.9,45.5,0,1.1,-90,3/1/2016 16:08
12/5/2015 10:46,25.2,44.8,0,2.2,-90,3/1/2016 16:09
12/5/2015 10:46,25.2,44.8,0,2.2,-90,3/1/2016 16:10
12/5/2015 10:47,25.2,44.7,0,1.1,-90,3/1/2016 16:11
12/5/2015 10:47,25.2,44.7,0,1.1,-90,3/1/2016 16:12
12/5/2015 10:48,25.4,45.2,0,1.7,-90,3/1/2016 16:13
12/5/2015 10:48,25.4,45.2,0,1.7,-90,3/1/2016 16:14
12/5/2015 10:49,25.5,44.6,0,1.7,-90,3/1/2016 16:15
12/5/2015 10:49,25.5,44.6,0,1.7,-90,3/1/2016 16:16
12/5/2015 10:50,25.5,44.2,29.7,0.8,-90,3/1/2016 16:17
12/5/2015 10:50,25.5,44.2,29.7,0.8,-90,3/1/2016 16:18
12/5/2015 10:51,25.9,43.8,0,2.4,-90,3/1/2016 16:19
12/5/2015 10:51,25.9,43.8,0,2.4,-90,3/1/2016 16:20
12/5/2015 10:52,26,42.1,0,2.7,-90,3/1/2016 16:21
12/5/2015 10:52,26,42.1,0,2.7,-90,3/1/2016 16:22
12/5/2015 10:53,26.1,41.5,0,1.3,-90,3/1/2016 16:23
12/5/2015 10:53,26.1,41.5,0,1.3,-90,3/1/2016 16:24
12/5/2015 10:54,26.2,41.5,0,1.1,-90,3/1/2016 16:25
12/5/2015 10:54,26.2,41.5,0,1.1,-90,3/1/2016 16:26
12/5/2015 10:55,26.2,41.3,0,0.8,-90,3/1/2016 16:27
12/5/2015 10:55,26.2,41.3,0,0.8,-90,3/1/2016 16:28
12/5/2015 10:56,26.2,41.3,0,0.2,-90,3/1/2016 16:29
12/5/2015 10:56,26.2,41.3,0,0.2,-90,3/1/2016 16:30
12/5/2015 10:57,26.3,41.3,0,1.2,-90,3/1/2016 16:31
12/5/2015 10:57,26.3,41.3,0,1.2,-90,3/1/2016 16:32
12/5/2015 10:58,26.4,41.5,0,1.5,-90,3/1/2016 16:33
12/5/2015 10:58,26.4,41.5,0,1.5,-90,3/1/2016 16:34
12/5/2015 10:59,26.4,41.2,0,1.9,-90,3/1/2016 16:35
12/5/2015 10:59,26.4,41.2,0,1.9,-90,3/1/2016 16:36
12/5/2015 11:00,26.4,41,0,1.6,-90,3/1/2016 16:37
12/5/2015 11:00,26.4,41,0,1.6,-90,3/1/2016 16:38
12/5/2015 11:01,26.3,41,0,2.1,-90,3/1/2016 16:39
12/5/2015 11:01,26.3,41,0,2.1,-90,3/1/2016 16:40
12/5/2015 11:02,26.2,41.4,0,3.1,-90,3/1/2016 16:41
12/5/2015 11:02,26.2,41.4,0,3.1,-90,3/1/2016 16:42
12/5/2015 11:03,26.2,41.7,0,2.7,-90,3/1/2016 16:43
12/5/2015 11:03,26.2,41.7,0,2.7,-90,3/1/2016 16:44
12/5/2015 11:04,26.1,41.5,0,1.9,-90,3/1/2016 16:45
12/5/2015 11:04,26.1,41.5,0,1.9,-90,3/1/2016 16:46
12/5/2015 11:05,25.9,41.6,0,1.5,-90,3/1/2016 16:47
12/5/2015 11:05,25.9,41.6,0,1.5,-90,3/1/2016 16:48
12/5/2015 11:06,25.9,41.8,0,2,-90,3/1/2016 16:49
12/5/2015 11:06,25.9,41.8,0,2,-90,3/1/2016 16:50
12/5/2015 11:07,25.9,41.8,0,1.4,-90,3/1/2016 16:51
12/5/2015 11:07,25.9,41.8,0,1.4,-90,3/1/2016 16:52
12/5/2015 11:08,25.9,41.8,0,1.2,-90,3/1/2016 16:53
12/5/2015 11:08,25.9,41.8,0,1.2,-90,3/1/2016 16:54
12/5/2015 11:09,26,42,0,1.6,-90,3/1/2016 16:55
12/5/2015 11:09,26,42,0,1.6,-90,3/1/2016 16:56
12/5/2015 11:10,26.1,41.2,0,1.3,-90,3/1/2016 16:57
12/5/2015 11:10,26.1,41.2,0,1.3,-90,3/1/2016 16:58
12/5/2015 11:11,26.3,41.6,0,2,-90,3/1/2016 16:59
12/5/2015 11:11,26.3,41.6,0,2,-90,3/1/2016 17:00
12/5/2015 11:12,26.3,41.5,0,2.6,-90,3/1/2016 17:01
12/5/2015 11:12,26.3,41.5,0,2.6,-90,3/1/2016 17:02
12/5/2015 11:13,26.4,41.4,0,1.3,-90,3/1/2016 17:03
12/5/2015 11:13,26.4,41.4,0,1.3,-90,3/1/2016 17:04
12/5/2015 11:14,26.6,41.2,0,0.5,-90,3/1/2016 17:05
12/5/2015 11:14,26.6,41.2,0,0.5,-90,3/1/2016 17:06
12/5/2015 11:15,26.5,41.6,0,2.2,-90,3/1/2016 17:07
12/5/2015 11:15,26.5,41.6,0,2.2,-90,3/1/2016 17:08
12/5/2015 11:16,26.4,42.1,0,2.2,-90,3/1/2016 17:09
12/5/2015 11:16,26.4,42.1,0,2.2,-90,3/1/2016 17:10
12/5/2015 11:17,26.3,42,0,2.5,-90,3/1/2016 17:11
12/5/2015 11:17,26.3,42,0,2.5,-90,3/1/2016 17:12
12/5/2015 11:18,26.1,42.3,0,2.3,-90,3/1/2016 17:13
12/5/2015 11:18,26.1,42.3,0,2.3,-90,3/1/2016 17:14
12/5/2015 11:19,26.1,42,0,3,-90,3/1/2016 17:15
12/5/2015 11:19,26.1,42,0,3,-90,3/1/2016 17:16
12/5/2015 11:20,25.9,41.9,0,0.9,-90,3/1/2016 17:17
12/5/2015 11:20,25.9,41.9,0,0.9,-90,3/1/2016 17:18
12/5/2015 11:21,25.8,41.8,0,3.8,-90,3/1/2016 17:19
12/5/2015 11:21,25.8,41.8,0,3.8,-90,3/1/2016 17:20
12/5/2015 11:22,25.8,42,0,2.7,-90,3/1/2016 17:21
12/5/2015 11:22,25.8,42,0,2.7,-90,3/1/2016 17:22
12/5/2015 11:23,25.5,42.3,0,0.9,-90,3/1/2016 17:23
12/5/2015 11:23,25.5,42.3,0,0.9,-90,3/1/2016 17:24
12/5/2015 11:24,25.4,42.7,0,1.6,-90,3/1/2016 17:25
12/5/2015 11:24,25.4,42.7,0,1.6,-90,3/1/2016 17:26
12/5/2015 11:25,25.3,42.4,0,2.9,-90,3/1/2016 17:27
12/5/2015 11:25,25.3,42.4,0,2.9,-90,3/1/2016 17:28
12/5/2015 11:26,25.3,42,243,2.6,-90,3/1/2016 17:29
12/5/2015 11:26,25.3,42,243,2.6,-90,3/1/2016 17:30
12/5/2015 11:27,25.4,42.2,0,1.6,-90,3/1/2016 17:31
12/5/2015 11:27,25.4,42.2,0,1.6,-90,3/1/2016 17:32
12/5/2015 11:28,25.4,42.3,0,2.3,-90,3/1/2016 17:33
12/5/2015 11:28,25.4,42.3,0,2.3,-90,3/1/2016 17:34
12/5/2015 11:29,25.6,42.3,0,1.4,-90,3/1/2016 17:35
12/5/2015 11:29,25.6,42.3,0,1.4,-90,3/1/2016 17:36
12/5/2015 11:30,25.6,42.5,0,1.4,-90,3/1/2016 17:37
12/5/2015 11:30,25.6,42.5,0,1.4,-90,3/1/2016 17:38
12/5/2015 11:31,25.8,43.1,0,1.2,-90,3/1/2016 17:39
12/5/2015 11:31,25.8,43.1,0,1.2,-90,3/1/2016 17:40
12/5/2015 11:32,25.9,43.7,214,1.7,-90,3/1/2016 17:41
12/5/2015 11:32,25.9,43.7,214,1.7,-90,3/1/2016 17:42
12/5/2015 11:33,25.9,43.9,216.5,1,-90,3/1/2016 17:43
12/5/2015 11:33,25.9,43.9,216.5,1,-90,3/1/2016 17:44
12/5/2015 11:34,25.9,44,0,2.6,-90,3/1/2016 17:45
12/5/2015 11:34,25.9,44,0,2.6,-90,3/1/2016 17:46
12/5/2015 11:35,25.9,44.3,0,2.3,-90,3/1/2016 17:47
12/5/2015 11:35,25.9,44.3,0,2.3,-90,3/1/2016 17:48
12/5/2015 11:36,25.6,44.3,0,2.2,-90,3/1/2016 17:49
12/5/2015 11:36,25.6,44.3,0,2.2,-90,3/1/2016 17:50
12/5/2015 11:37,25.5,45,0,2.3,-90,3/1/2016 17:51
12/5/2015 11:37,25.5,45,0,2.3,-90,3/1/2016 17:52
12/5/2015 11:38,25.3,45.2,0,1.9,-90,3/1/2016 17:53
12/5/2015 11:38,25.3,45.2,0,1.9,-90,3/1/2016 17:54
12/5/2015 11:39,25.2,45,0,1.8,-90,3/1/2016 17:55
12/5/2015 11:39,25.2,45,0,1.8,-90,3/1/2016 17:56
12/5/2015 11:40,25.2,45.6,0,1.6,-90,3/1/2016 17:57
12/5/2015 11:40,25.2,45.6,0,1.6,-90,3/1/2016 17:58
12/5/2015 11:41,25.2,45.3,0,0.7,-90,3/1/2016 17:59
12/5/2015 11:41,25.2,45.3,0,0.7,-90,3/1/2016 18:00
12/5/2015 11:42,25.2,45.4,0,1.6,-90,3/1/2016 18:01
12/5/2015 11:42,25.2,45.4,0,1.6,-90,3/1/2016 18:02
12/5/2015 11:43,25.2,45.3,0,1,-90,3/1/2016 18:03
12/5/2015 11:43,25.2,45.3,0,1,-90,3/1/2016 18:04
12/5/2015 11:44,25.1,44.8,0,2.3,-90,3/1/2016 18:05
12/5/2015 11:44,25.1,44.8,0,2.3,-90,3/1/2016 18:06
12/5/2015 11:45,25.1,45.1,0,1.7,-90,3/1/2016 18:07
12/5/2015 11:45,25.1,45.1,0,1.7,-90,3/1/2016 18:08
12/5/2015 11:46,25.2,45.5,0,1.5,-90,3/1/2016 18:09
12/5/2015 11:46,25.2,45.5,0,1.5,-90,3/1/2016 18:10
12/5/2015 11:47,25.2,45.9,0,1.2,-90,3/1/2016 18:11
12/5/2015 11:47,25.2,45.9,0,1.2,-90,3/1/2016 18:12
12/5/2015 11:48,25.2,46,0,2.9,-90,3/1/2016 18:13
12/5/2015 11:48,25.2,46,0,2.9,-90,3/1/2016 18:14
12/5/2015 11:49,25.2,46,0,3.3,-90,3/1/2016 18:15
12/5/2015 11:49,25.2,46,0,3.3,-90,3/1/2016 18:16
12/5/2015 11:50,25.1,46.6,4.9,2.2,-90,3/1/2016 18:17
12/5/2015 11:50,25.1,46.6,4.9,2.2,-90,3/1/2016 18:18
12/5/2015 11:51,25,46.5,4.9,1.9,-90,3/1/2016 18:19
12/5/2015 11:51,25,46.5,4.9,1.9,-90,3/1/2016 18:20
12/5/2015 11:52,25,46.4,0,1.9,-90,3/1/2016 18:21
12/5/2015 11:52,25,46.4,0,1.9,-90,3/1/2016 18:22
12/5/2015 11:53,25.1,46.4,58.5,1,-90,3/1/2016 18:23
12/5/2015 11:53,25.1,46.4,58.5,1,-90,3/1/2016 18:24
12/5/2015 11:54,25.1,46.6,73.1,1.5,-90,3/1/2016 18:25
12/5/2015 11:54,25.1,46.6,73.1,1.5,-90,3/1/2016 18:26
12/5/2015 11:55,25.1,46.3,0,1,-90,3/1/2016 18:27
12/5/2015 11:55,25.1,46.3,0,1,-90,3/1/2016 18:28
12/5/2015 11:56,25.1,46.4,0,1.7,-90,3/1/2016 18:29
12/5/2015 11:56,25.1,46.4,0,1.7,-90,3/1/2016 18:30
12/5/2015 11:57,25.1,46.1,0,2.4,-90,3/1/2016 18:31
12/5/2015 11:57,25.1,46.1,0,2.4,-90,3/1/2016 18:32
12/5/2015 11:58,25,46.2,0,2.1,-90,3/1/2016 18:33
12/5/2015 11:58,25,46.2,0,2.1,-90,3/1/2016 18:34
12/5/2015 11:59,25.1,46.1,0,1.6,-90,3/1/2016 18:35
12/5/2015 11:59,25.1,46.1,0,1.6,-90,3/1/2016 18:36
12/5/2015 12:00,25.1,45.8,0,1.6,-90,3/1/2016 18:37
12/5/2015 12:00,25.1,45.8,0,1.6,-90,3/1/2016 18:38
12/5/2015 12:01,25.2,46.3,0,2.4,-90,3/1/2016 18:39
12/5/2015 12:01,25.2,46.3,0,2.4,-90,3/1/2016 18:40
12/5/2015 12:02,25.3,45.5,0,1.3,-90,3/1/2016 18:41
12/5/2015 12:02,25.3,45.5,0,1.3,-90,3/1/2016 18:42
12/5/2015 12:03,25.4,45.2,131.2,3.3,-90,3/1/2016 18:43
12/5/2015 12:03,25.4,45.2,131.2,3.3,-90,3/1/2016 18:44
12/5/2015 12:04,25.4,45.5,0,1,-90,3/1/2016 18:45
12/5/2015 12:04,25.4,45.5,0,1,-90,3/1/2016 18:46
12/5/2015 12:05,25.6,45.5,0,2.2,-90,3/1/2016 18:47
12/5/2015 12:05,25.6,45.5,0,2.2,-90,3/1/2016 18:48
12/5/2015 12:06,25.7,44.9,0,2.9,-90,3/1/2016 18:49
12/5/2015 12:06,25.7,44.9,0,2.9,-90,3/1/2016 18:50
12/5/2015 12:07,25.7,44.6,0,2.7,-90,3/1/2016 18:51
12/5/2015 12:07,25.7,44.6,0,2.7,-90,3/1/2016 18:52
12/5/2015 12:08,25.9,44.5,0,2.3,-90,3/1/2016 18:53
12/5/2015 12:08,25.9,44.5,0,2.3,-90,3/1/2016 18:54
12/5/2015 12:09,26,44.3,0,2.9,-90,3/1/2016 18:55
12/5/2015 12:09,26,44.3,0,2.9,-90,3/1/2016 18:56
12/5/2015 12:10,26,43.8,0,1.6,-90,3/1/2016 18:57
12/5/2015 12:10,26,43.8,0,1.6,-90,3/1/2016 18:58
12/5/2015 12:11,26.2,43.2,0,3.1,-90,3/1/2016 18:59
12/5/2015 12:11,26.2,43.2,0,3.1,-90,3/1/2016 19:00
12/5/2015 12:12,26.3,42.6,0,2,-90,
12/5/2015 12:12,26.3,42.6,0,2,-90,
12/5/2015 12:13,26.4,42.7,0,1.3,-90,
12/5/2015 12:13,26.4,42.7,0,1.3,-90,
12/5/2015 12:14,26.5,42.3,0,0.9,-90,
12/5/2015 12:14,26.5,42.3,0,0.9,-90,
12/5/2015 12:15,26.5,41.9,0,2.3,-90,
12/5/2015 12:15,26.5,41.9,0,2.3,-90,
12/5/2015 12:16,26.5,42,0,2.7,-90,
12/5/2015 12:16,26.5,42,0,2.7,-90,
12/5/2015 12:17,26.4,41.7,0,2.1,-90,
12/5/2015 12:17,26.4,41.7,0,2.1,-90,
12/5/2015 12:18,26.4,41.4,0,1.3,-90,
12/5/2015 12:18,26.4,41.4,0,1.3,-90,
12/5/2015 12:19,26.4,41.7,0,2.2,-90,
12/5/2015 12:19,26.4,41.7,0,2.2,-90,
12/5/2015 12:20,26.4,42.1,0,2,-90,
12/5/2015 12:20,26.4,42.1,0,2,-90,
12/5/2015 12:21,26.5,42.6,0,1.1,-90,
12/5/2015 12:21,26.5,42.6,0,1.1,-90,
12/5/2015 12:22,26.5,42.5,0,2.8,-90,
12/5/2015 12:22,26.5,42.5,0,2.8,-90,
12/5/2015 12:23,26.4,42.7,0,1.6,-90,
12/5/2015 12:23,26.4,42.7,0,1.6,-90,
12/5/2015 12:24,26.4,42.7,0,1.6,-90,
12/5/2015 12:24,26.4,42.7,0,1.6,-90,
12/5/2015 12:25,26.3,42.8,0,2.7,-90,
12/5/2015 12:25,26.3,42.8,0,2.7,-90,
12/5/2015 12:26,26.2,43,0,2.6,-90,
12/5/2015 12:26,26.2,43,0,2.6,-90,
12/5/2015 12:27,26.1,43.5,0,2.3,-90,
12/5/2015 12:27,26.1,43.5,0,2.3,-90,
12/5/2015 12:28,26.1,43.9,0,3.2,-90,
12/5/2015 12:28,26.1,43.9,0,3.2,-90,
12/5/2015 12:29,26.1,43.6,0,2,-90,
12/5/2015 12:29,26.1,43.6,0,2,-90,
12/5/2015 12:30,26.1,44.1,0,1.5,-90,
12/5/2015 12:30,26.1,44.1,0,1.5,-90,
12/5/2015 12:31,26,43.9,0,2,-90,
12/5/2015 12:31,26,43.9,0,2,-90,
12/5/2015 12:32,25.9,43.6,0,1.6,-90,
12/5/2015 12:32,25.9,43.6,0,1.6,-90,
12/5/2015 12:33,25.6,43.9,0,2.5,-90,
12/5/2015 12:33,25.6,43.9,0,2.5,-90,
12/5/2015 12:34,25.5,44.6,0,3,-90,
12/5/2015 12:34,25.5,44.6,0,3,-90,
12/5/2015 12:35,25.3,44.8,0,2.5,-90,
12/5/2015 12:35,25.3,44.8,0,2.5,-90,
12/5/2015 12:36,25.3,45.2,0,2.5,-90,
12/5/2015 12:36,25.3,45.2,0,2.5,-90,
12/5/2015 12:37,25.4,45.2,0,2.3,-90,
12/5/2015 12:37,25.4,45.2,0,2.3,-90,
12/5/2015 12:38,25.4,45.1,0,1.5,-90,
12/5/2015 12:38,25.4,45.1,0,1.5,-90,
12/5/2015 12:39,25.5,44.7,0,1.8,-90,
12/5/2015 12:39,25.5,44.7,0,1.8,-90,
12/5/2015 12:40,25.7,44.5,0,2.4,-90,
12/5/2015 12:40,25.7,44.5,0,2.4,-90,
12/5/2015 12:41,25.9,44.4,0,1.5,-90,
12/5/2015 12:41,25.9,44.4,0,1.5,-90,
12/5/2015 12:42,26.1,44.3,0,1.1,-90,
12/5/2015 12:42,26.1,44.3,0,1.1,-90,
12/5/2015 12:43,26.2,44.1,0,2.7,-90,
12/5/2015 12:43,26.2,44.1,0,2.7,-90,
12/5/2015 12:44,26.3,44.2,0,2.4,-90,
12/5/2015 12:44,26.3,44.2,0,2.4,-90,
12/5/2015 12:45,26.3,44.1,0,2.3,-90,
12/5/2015 12:45,26.3,44.1,0,2.3,-90,
12/5/2015 12:46,26.5,44,0,1.7,-90,
12/5/2015 12:46,26.5,44,0,1.7,-90,
12/5/2015 12:47,26.4,44.2,0,2,-90,
12/5/2015 12:47,26.4,44.2,0,2,-90,
12/5/2015 12:48,26.4,44.5,0,1.2,-90,
12/5/2015 12:48,26.4,44.5,0,1.2,-90,
12/5/2015 12:49,26.4,44.3,0,2.7,-90,
12/5/2015 12:49,26.4,44.3,0,2.7,-90,
12/5/2015 12:50,26.4,44.1,0,2.6,-90,
12/5/2015 12:50,26.4,44.1,0,2.6,-90,
12/5/2015 12:51,26.1,44.4,0,3.4,-90,
12/5/2015 12:51,26.1,44.4,0,3.4,-90,
12/5/2015 12:52,26,44.8,0,2.8,-90,
12/5/2015 12:52,26,44.8,0,2.8,-90,
12/5/2015 12:53,25.9,44.4,0,2.4,-90,
12/5/2015 12:53,25.9,44.4,0,2.4,-90,
12/5/2015 12:54,25.9,44.9,0,0.9,-90,
12/5/2015 12:54,25.9,44.9,0,0.9,-90,
12/5/2015 12:55,26,44.7,0,1.8,-90,
12/5/2015 12:55,26,44.7,0,1.8,-90,
12/5/2015 12:56,26,44.7,0,2.8,-90,
12/5/2015 12:56,26,44.7,0,2.8,-90,
12/5/2015 12:57,26.1,44.4,0,2.8,-90,
12/5/2015 12:57,26.1,44.4,0,2.8,-90,
12/5/2015 12:58,26,44,0,2.8,-90,
12/5/2015 12:58,26,44,0,2.8,-90,
12/5/2015 12:59,26,44.1,0,3.1,-90,
12/5/2015 12:59,26,44.1,0,3.1,-90,
12/5/2015 13:00,25.9,44.3,0,2.4,-90,
12/5/2015 13:00,25.9,44.3,0,2.4,-90,
12/5/2015 13:01,25.9,44.8,0,3.6,-90,
12/5/2015 13:01,25.9,44.8,0,3.6,-90,
12/5/2015 13:02,26,44.3,0,5.1,-90,
12/5/2015 13:02,26,44.3,0,5.1,-90,
12/5/2015 13:03,25.9,44.1,0,3.3,-90,
12/5/2015 13:03,25.9,44.1,0,3.3,-90,
12/5/2015 13:04,25.8,44.4,0,2.2,-90,
12/5/2015 13:04,25.8,44.4,0,2.2,-90,
12/5/2015 13:05,25.5,44.8,0,3.2,-90,
12/5/2015 13:05,25.5,44.8,0,3.2,-90,
12/5/2015 13:06,25.5,45,0,3.8,-90,
12/5/2015 13:06,25.5,45,0,3.8,-90,
12/5/2015 13:07,25.5,45.2,0,3.8,-90,
12/5/2015 13:07,25.5,45.2,0,3.8,-90,
12/5/2015 13:08,25.5,45.9,0,3,-90,
12/5/2015 13:08,25.5,45.9,0,3,-90,
12/5/2015 13:09,25.5,45.6,0,2.6,-90,
12/5/2015 13:09,25.5,45.6,0,2.6,-90,
12/5/2015 13:10,25.3,45.9,0,0.6,-90,
12/5/2015 13:10,25.3,45.9,0,0.6,-90,
12/5/2015 13:11,25.4,45.3,0,1.1,-90,
12/5/2015 13:11,25.4,45.3,0,1.1,-90,
12/5/2015 13:12,25.4,45.2,0,0.7,-90,
12/5/2015 13:12,25.4,45.2,0,0.7,-90,
12/5/2015 13:13,25.7,45.2,0,1.5,-90,
12/5/2015 13:13,25.7,45.2,0,1.5,-90,
12/5/2015 13:14,25.8,44.5,0,1.6,-90,
12/5/2015 13:14,25.8,44.5,0,1.6,-90,
12/5/2015 13:15,26,44.5,0,2.7,-90,
12/5/2015 13:15,26,44.5,0,2.7,-90,
12/5/2015 13:16,26.2,43.4,0,2.5,-90,
12/5/2015 13:16,26.2,43.4,0,2.5,-90,
12/5/2015 13:17,26.2,43.5,0,3,-90,
12/5/2015 13:17,26.2,43.5,0,3,-90,
12/5/2015 13:18,26.2,43.8,0,1.9,-90,
12/5/2015 13:18,26.2,43.8,0,1.9,-90,
12/5/2015 13:19,26,44,0,3.6,-90,
12/5/2015 13:19,26,44,0,3.6,-90,
12/5/2015 13:20,25.9,44.1,0,4.3,-90,
12/5/2015 13:20,25.9,44.1,0,4.3,-90,
12/5/2015 13:21,25.6,44.4,0,2.7,-90,
12/5/2015 13:21,25.6,44.4,0,2.7,-90,
12/5/2015 13:22,25.6,44.5,0,2.9,-90,
12/5/2015 13:22,25.6,44.5,0,2.9,-90,
12/5/2015 13:23,25.7,44.7,0,2,-90,
12/5/2015 13:23,25.7,44.7,0,2,-90,
12/5/2015 13:24,25.6,44.1,0,2.7,-90,
12/5/2015 13:24,25.6,44.1,0,2.7,-90,
12/5/2015 13:25,25.5,44.5,0,2.5,-90,
12/5/2015 13:25,25.5,44.5,0,2.5,-90,
12/5/2015 13:26,25.4,44.7,0,1.9,-90,
12/5/2015 13:26,25.4,44.7,0,1.9,-90,
12/5/2015 13:27,25.2,45,0,2.7,-90,
12/5/2015 13:27,25.2,45,0,2.7,-90,
12/5/2015 13:28,25.2,44.8,0,3.2,-90,
12/5/2015 13:28,25.2,44.8,0,3.2,-90,
12/5/2015 13:29,25.2,44.9,0,3.2,-90,
12/5/2015 13:29,25.2,44.9,0,3.2,-90,
12/5/2015 13:30,25,44.9,0,3,-90,
12/5/2015 13:30,25,44.9,0,3,-90,
12/5/2015 13:31,25,45.1,282.5,2.6,-90,
12/5/2015 13:31,25,45.1,282.5,2.6,-90,
12/5/2015 13:32,25.1,45.3,0,2.5,-90,
12/5/2015 13:32,25.1,45.3,0,2.5,-90,
12/5/2015 13:33,25.2,45.1,0,1.5,-90,
12/5/2015 13:33,25.2,45.1,0,1.5,-90,
12/5/2015 13:34,25.2,45.2,0,1.7,-90,
12/5/2015 13:34,25.2,45.2,0,1.7,-90,
12/5/2015 13:35,25.2,45.1,0,2.3,-90,
12/5/2015 13:35,25.2,45.1,0,2.3,-90,
12/5/2015 13:36,25.3,45,0,2.1,-90,
12/5/2015 13:36,25.3,45,0,2.1,-90,
12/5/2015 13:37,25.6,44.9,0,2,-90,
12/5/2015 13:37,25.6,44.9,0,2,-90,
12/5/2015 13:38,25.6,45.1,0,1.7,-90,
12/5/2015 13:38,25.6,45.1,0,1.7,-90,
12/5/2015 13:39,25.6,45.1,0,2.4,-90,
12/5/2015 13:39,25.6,45.1,0,2.4,-90,
12/5/2015 13:40,25.6,45.4,91.3,2.5,-90,
12/5/2015 13:40,25.6,45.4,91.3,2.5,-90,
12/5/2015 13:41,25.6,45.2,0,1.4,-90,
12/5/2015 13:41,25.6,45.2,0,1.4,-90,
12/5/2015 13:42,25.6,45.3,0,2.3,-90,
12/5/2015 13:42,25.6,45.3,0,2.3,-90,
12/5/2015 13:43,25.5,45.3,0,1.8,-90,
12/5/2015 13:43,25.5,45.3,0,1.8,-90,
12/5/2015 13:44,25.5,45.8,0,2.8,-90,
12/5/2015 13:44,25.5,45.8,0,2.8,-90,
12/5/2015 13:45,25.5,45.4,0,1.1,-90,
12/5/2015 13:45,25.5,45.4,0,1.1,-90,
12/5/2015 13:46,25.7,45.2,0,2.3,-90,
12/5/2015 13:46,25.7,45.2,0,2.3,-90,
12/5/2015 13:47,25.7,45.1,0,1.4,-90,
12/5/2015 13:47,25.7,45.1,0,1.4,-90,
12/5/2015 13:48,25.7,45,0,1.9,-90,
12/5/2015 13:48,25.7,45,0,1.9,-90,
12/5/2015 13:49,25.8,45.1,0,3.9,-90,
12/5/2015 13:49,25.8,45.1,0,3.9,-90,
12/5/2015 13:50,25.9,44.7,0,3.4,-90,
12/5/2015 13:50,25.9,44.7,0,3.4,-90,
12/5/2015 13:51,25.8,45.1,0,3.4,-90,
12/5/2015 13:51,25.8,45.1,0,3.4,-90,
12/5/2015 13:52,25.7,44.6,24.8,3.3,-90,
12/5/2015 13:52,25.7,44.6,24.8,3.3,-90,
12/5/2015 13:53,25.6,44.7,0,4,-90,
12/5/2015 13:53,25.6,44.7,0,4,-90,
12/5/2015 13:54,25.4,44.7,0,2.2,-90,
12/5/2015 13:54,25.4,44.7,0,2.2,-90,
12/5/2015 13:55,25.4,44.6,0,2.6,-90,
12/5/2015 13:55,25.4,44.6,0,2.6,-90,
12/5/2015 13:56,25.4,45,0,1.9,-90,
12/5/2015 13:56,25.4,45,0,1.9,-90,
12/5/2015 13:57,25.4,45,0,1.5,-90,
12/5/2015 13:57,25.4,45,0,1.5,-90,
12/5/2015 13:58,25.4,44.9,0,2.4,-90,
12/5/2015 13:58,25.4,44.9,0,2.4,-90,
12/5/2015 13:59,25.3,45,0,3.4,-90,
12/5/2015 13:59,25.3,45,0,3.4,-90,
12/5/2015 14:00,25.3,44.9,0,2.3,-90,
12/5/2015 14:00,25.3,44.9,0,2.3,-90,
12/5/2015 14:01,25.3,45,0,3.7,-90,
12/5/2015 14:01,25.3,45,0,3.7,-90,
12/5/2015 14:02,25.3,45.2,96.1,2.3,-90,
12/5/2015 14:02,25.3,45.2,96.1,2.3,-90,
12/5/2015 14:03,25.3,45.5,0,1.7,-90,
12/5/2015 14:03,25.3,45.5,0,1.7,-90,
12/5/2015 14:04,25.3,45.6,21.3,2.7,-90,
12/5/2015 14:04,25.3,45.6,21.3,2.7,-90,
12/5/2015 14:05,25.3,45.4,0,1.8,-90,
12/5/2015 14:05,25.3,45.4,0,1.8,-90,
12/5/2015 14:06,25.3,45,0,1.3,-90,
12/5/2015 14:06,25.3,45,0,1.3,-90,
12/5/2015 14:07,25.4,44.6,0,1.5,-90,
12/5/2015 14:07,25.4,44.6,0,1.5,-90,
12/5/2015 14:08,25.5,44.3,0,2.1,-90,
12/5/2015 14:08,25.5,44.3,0,2.1,-90,
12/5/2015 14:09,25.6,44.1,0,2.2,-90,
12/5/2015 14:09,25.6,44.1,0,2.2,-90,
12/5/2015 14:10,25.7,44.2,0,2.4,-90,
12/5/2015 14:10,25.7,44.2,0,2.4,-90,
12/5/2015 14:11,25.8,43.7,0,3.6,-90,
12/5/2015 14:11,25.8,43.7,0,3.6,-90,
12/5/2015 14:12,25.9,43.5,86.4,1.8,-90,
12/5/2015 14:12,25.9,43.5,86.4,1.8,-90,
12/5/2015 14:13,25.9,43.4,86.4,1,-90,
12/5/2015 14:13,25.9,43.4,86.4,1,-90,
12/5/2015 14:14,25.8,43.6,86.4,2.6,-90,
12/5/2015 14:14,25.8,43.6,86.4,2.6,-90,
12/5/2015 14:15,25.9,43.7,86.4,3.9,-90,
12/5/2015 14:15,25.9,43.7,86.4,3.9,-90,
12/5/2015 14:16,25.9,43.8,86.4,3,-90,
12/5/2015 14:16,25.9,43.8,86.4,3,-90,
12/5/2015 14:17,26,43.7,86.4,1.7,-90,
12/5/2015 14:17,26,43.7,86.4,1.7,-90,
12/5/2015 14:18,26.1,43.4,86.4,1.9,-90,
12/5/2015 14:18,26.1,43.4,86.4,1.9,-90,
12/5/2015 14:19,26,43.4,86.4,2.2,-90,
12/5/2015 14:19,26,43.4,86.4,2.2,-90,
12/5/2015 14:20,25.9,43.5,86.4,3.1,-90,
12/5/2015 14:20,25.9,43.5,86.4,3.1,-90,
12/5/2015 14:21,25.9,43.6,86.4,1.7,-90,
12/5/2015 14:21,25.9,43.6,86.4,1.7,-90,
12/5/2015 14:22,25.8,43.9,86.4,1.5,-90,
12/5/2015 14:22,25.8,43.9,86.4,1.5,-90,
12/5/2015 14:23,25.8,44.1,86.4,2.2,-90,
12/5/2015 14:23,25.8,44.1,86.4,2.2,-90,
12/5/2015 14:24,25.8,44,0,1.9,-90,
12/5/2015 14:24,25.8,44,0,1.9,-90,
12/5/2015 14:25,25.9,43.7,0,1.7,-90,
12/5/2015 14:25,25.9,43.7,0,1.7,-90,
12/5/2015 14:26,26,43.5,0,3.4,-90,
12/5/2015 14:26,26,43.5,0,3.4,-90,
12/5/2015 14:27,26,43.9,4.4,1.6,-90,
12/5/2015 14:27,26,43.9,4.4,1.6,-90,
12/5/2015 14:28,26,43.4,4.4,1.9,-90,
12/5/2015 14:28,26,43.4,4.4,1.9,-90,
12/5/2015 14:29,25.9,43.6,0,2.5,-90,
12/5/2015 14:29,25.9,43.6,0,2.5,-90,
12/5/2015 14:30,25.8,43.7,237.2,3.1,-90,
12/5/2015 14:30,25.8,43.7,237.2,3.1,-90,
12/5/2015 14:31,25.7,43.8,358,2.9,-90,
12/5/2015 14:31,25.7,43.8,358,2.9,-90,
12/5/2015 14:32,25.7,43.6,0,1.8,-90,
12/5/2015 14:32,25.7,43.6,0,1.8,-90,
12/5/2015 14:33,25.6,43.6,0,2.1,-90,
12/5/2015 14:33,25.6,43.6,0,2.1,-90,
12/5/2015 14:34,25.5,43.3,0,2.6,-90,
12/5/2015 14:34,25.5,43.3,0,2.6,-90,
12/5/2015 14:35,25.6,43.4,0,2.8,-90,
12/5/2015 14:35,25.6,43.4,0,2.8,-90,
12/5/2015 14:36,25.7,43.5,0,2.2,-90,
12/5/2015 14:36,25.7,43.5,0,2.2,-90,
12/5/2015 14:37,25.8,43.6,0,3.2,-90,
12/5/2015 14:37,25.8,43.6,0,3.2,-90,
12/5/2015 14:38,26,43.2,0,1.5,-90,
12/5/2015 14:38,26,43.2,0,1.5,-90,
12/5/2015 14:39,26,42.9,0,0.6,-90,
12/5/2015 14:39,26,42.9,0,0.6,-90,
12/5/2015 14:40,26.2,42.8,0,2.2,-90,
12/5/2015 14:40,26.2,42.8,0,2.2,-90,
12/5/2015 14:41,26,43,0,2.4,-90,
12/5/2015 14:41,26,43,0,2.4,-90,
12/5/2015 14:42,25.8,43.5,0,4.2,-90,
12/5/2015 14:42,25.8,43.5,0,4.2,-90,
12/5/2015 14:43,25.7,43.9,0,2.8,-90,
12/5/2015 14:43,25.7,43.9,0,2.8,-90,
12/5/2015 14:44,25.5,43.9,0,1.5,-90,
12/5/2015 14:44,25.5,43.9,0,1.5,-90,
12/5/2015 14:45,25.5,43.8,0,2.2,-90,
12/5/2015 14:45,25.5,43.8,0,2.2,-90,
12/5/2015 14:46,25.5,44.1,0,1.6,-90,
12/5/2015 14:46,25.5,44.1,0,1.6,-90,
12/5/2015 14:47,25.5,43.9,0,2.1,-90,
12/5/2015 14:47,25.5,43.9,0,2.1,-90,
12/5/2015 14:48,25.5,44.2,0,1.7,-90,
12/5/2015 14:48,25.5,44.2,0,1.7,-90,
12/5/2015 14:49,25.5,43.7,7.1,2,-90,
12/5/2015 14:49,25.5,43.7,7.1,2,-90,
12/5/2015 14:50,25.5,43.8,0,1.7,-90,
12/5/2015 14:50,25.5,43.8,0,1.7,-90,
12/5/2015 14:51,25.6,43.8,0,0.4,-90,
12/5/2015 14:51,25.6,43.8,0,0.4,-90,
12/5/2015 14:52,25.8,44.1,0,1.3,-90,
12/5/2015 14:52,25.8,44.1,0,1.3,-90,
12/5/2015 14:53,25.9,43.6,0,0.7,-90,
12/5/2015 14:53,25.9,43.6,0,0.7,-90,
12/5/2015 14:54,26.1,43.9,0,1.3,-90,
12/5/2015 14:54,26.1,43.9,0,1.3,-90,
12/5/2015 14:55,26.2,43.4,0,2,-90,
12/5/2015 14:55,26.2,43.4,0,2,-90,
12/5/2015 14:56,26.1,43.5,0,2.7,-90,
12/5/2015 14:56,26.1,43.5,0,2.7,-90,
12/5/2015 14:57,25.9,43.4,0,1.8,-90,
12/5/2015 14:57,25.9,43.4,0,1.8,-90,
12/5/2015 14:58,26,43.6,0,0.8,-90,
12/5/2015 14:58,26,43.6,0,0.8,-90,
12/5/2015 14:59,26,43.3,0,0.9,-90,
12/5/2015 14:59,26,43.3,0,0.9,-90,
12/5/2015 15:00,26,43.7,0,1.3,-90,
12/5/2015 15:00,26,43.7,0,1.3,-90,
12/5/2015 15:01,25.9,44,0,1.9,-90,
12/5/2015 15:01,25.9,44,0,1.9,-90,
12/5/2015 15:02,25.8,43.8,0,3.1,-90,
12/5/2015 15:02,25.8,43.8,0,3.1,-90,
12/5/2015 15:03,25.7,44.5,0,2.1,-90,
12/5/2015 15:03,25.7,44.5,0,2.1,-90,
12/5/2015 15:04,25.6,44,5.8,2.5,-90,
12/5/2015 15:04,25.6,44,5.8,2.5,-90,
12/5/2015 15:05,25.5,44,0,2.6,-90,
12/5/2015 15:05,25.5,44,0,2.6,-90,
12/5/2015 15:06,25.5,44.2,0,1.3,-90,
12/5/2015 15:06,25.5,44.2,0,1.3,-90,
12/5/2015 15:07,25.4,44.4,0,1.1,-90,
12/5/2015 15:07,25.4,44.4,0,1.1,-90,
12/5/2015 15:08,25.4,44.9,0,1,-90,
12/5/2015 15:08,25.4,44.9,0,1,-90,
12/5/2015 15:09,25.5,44.9,0,1.7,-90,
12/5/2015 15:09,25.5,44.9,0,1.7,-90,
12/5/2015 15:10,25.5,44.3,0,2.4,-90,
12/5/2015 15:10,25.5,44.3,0,2.4,-90,
12/5/2015 15:11,25.5,44.8,0,3.1,-90,
12/5/2015 15:11,25.5,44.8,0,3.1,-90,
12/5/2015 15:12,25.6,44.4,0,1.4,-90,
12/5/2015 15:12,25.6,44.4,0,1.4,-90,
12/5/2015 15:13,25.7,44.4,0,1.6,-90,
12/5/2015 15:13,25.7,44.4,0,1.6,-90,
12/5/2015 15:14,25.7,44.8,0,1.5,-90,
12/5/2015 15:14,25.7,44.8,0,1.5,-90,
12/5/2015 15:15,25.7,44.8,0,2,-90,
12/5/2015 15:15,25.7,44.8,0,2,-90,
12/5/2015 15:16,25.7,44.9,0,1.7,-90,
12/5/2015 15:16,25.7,44.9,0,1.7,-90,
12/5/2015 15:17,25.7,44.6,0,1.1,-90,
12/5/2015 15:17,25.7,44.6,0,1.1,-90,
12/5/2015 15:18,25.7,44.6,0,1,-90,
12/5/2015 15:18,25.7,44.6,0,1,-90,
12/5/2015 15:19,25.8,44.4,0,1.5,-90,
12/5/2015 15:19,25.8,44.4,0,1.5,-90,
12/5/2015 15:20,25.7,44.7,0,2,-90,
12/5/2015 15:20,25.7,44.7,0,2,-90,
12/5/2015 15:21,25.8,44.1,0,2.6,-90,
12/5/2015 15:21,25.8,44.1,0,2.6,-90,
12/5/2015 15:22,25.8,43.9,0,0.9,-90,
12/5/2015 15:22,25.8,43.9,0,0.9,-90,
12/5/2015 15:23,25.7,43.8,0,2.1,-90,
12/5/2015 15:23,25.7,43.8,0,2.1,-90,
12/5/2015 15:24,25.7,43.8,0,4.1,-90,
12/5/2015 15:24,25.7,43.8,0,4.1,-90,
12/5/2015 15:25,25.6,43.7,0,3.4,-90,
12/5/2015 15:25,25.6,43.7,0,3.4,-90,
12/5/2015 15:26,25.7,43.7,0,3.4,-90,
12/5/2015 15:26,25.7,43.7,0,3.4,-90,
12/5/2015 15:27,25.6,43.6,0,1.8,-90,
12/5/2015 15:27,25.6,43.6,0,1.8,-90,
12/5/2015 15:28,25.6,43.8,0,1.7,-90,
12/5/2015 15:28,25.6,43.8,0,1.7,-90,
12/5/2015 15:29,25.7,44.1,0,1.7,-90,
12/5/2015 15:29,25.7,44.1,0,1.7,-90,
12/5/2015 15:30,25.7,44.3,0,1.7,-90,
12/5/2015 15:30,25.7,44.3,0,1.7,-90,
12/5/2015 15:31,25.7,44,0,2.6,-90,
12/5/2015 15:31,25.7,44,0,2.6,-90,
12/5/2015 15:32,25.7,44,0,2.9,-90,
12/5/2015 15:32,25.7,44,0,2.9,-90,
12/5/2015 15:33,25.7,43.9,0,2.9,-90,
12/5/2015 15:33,25.7,43.9,0,2.9,-90,
12/5/2015 15:34,25.7,44,0,2.2,-90,
12/5/2015 15:34,25.7,44,0,2.2,-90,
12/5/2015 15:35,25.8,44.4,0,0.9,-90,
12/5/2015 15:35,25.8,44.4,0,0.9,-90,
12/5/2015 15:36,25.9,43.7,0,1,-90,
12/5/2015 15:36,25.9,43.7,0,1,-90,
12/5/2015 15:37,25.8,43.9,0,2.8,-90,
12/5/2015 15:37,25.8,43.9,0,2.8,-90,
12/5/2015 15:38,25.8,44.2,0,2.3,-90,
12/5/2015 15:38,25.8,44.2,0,2.3,-90,
12/5/2015 15:39,25.9,44,0,0.9,-90,
12/5/2015 15:39,25.9,44,0,0.9,-90,
12/5/2015 15:40,25.8,44.2,0,1.9,-90,
12/5/2015 15:40,25.8,44.2,0,1.9,-90,
12/5/2015 15:41,25.8,44.1,0,1.7,-90,
12/5/2015 15:41,25.8,44.1,0,1.7,-90,
12/5/2015 15:42,25.7,44.2,0,2.2,-90,
12/5/2015 15:42,25.7,44.2,0,2.2,-90,
12/5/2015 15:43,25.6,44.2,0,2.5,-90,
12/5/2015 15:43,25.6,44.2,0,2.5,-90,
12/5/2015 15:44,25.3,44.6,0,3.2,-90,
12/5/2015 15:44,25.3,44.6,0,3.2,-90,
12/5/2015 15:45,25.3,45,0,2,-90,
12/5/2015 15:45,25.3,45,0,2,-90,
12/5/2015 15:46,25.3,45,0,2.4,-90,
12/5/2015 15:46,25.3,45,0,2.4,-90,
12/5/2015 15:47,25.3,44.8,0,2.2,-90,
12/5/2015 15:47,25.3,44.8,0,2.2,-90,
12/5/2015 15:48,25.3,45.1,0,2.5,-90,
12/5/2015 15:48,25.3,45.1,0,2.5,-90,
12/5/2015 15:49,25.3,45.1,0,2.9,-90,
12/5/2015 15:49,25.3,45.1,0,2.9,-90,
12/5/2015 15:50,25.4,45,0,1.6,-90,
12/5/2015 15:50,25.4,45,0,1.6,-90,
12/5/2015 15:51,25.4,44.8,294.5,2.7,-90,
12/5/2015 15:51,25.4,44.8,294.5,2.7,-90,
12/5/2015 15:52,25.3,44.6,357.2,1.3,-90,
12/5/2015 15:52,25.3,44.6,357.2,1.3,-90,
12/5/2015 15:53,25.2,44.8,357.2,1.5,-90,
12/5/2015 15:53,25.2,44.8,357.2,1.5,-90,
12/5/2015 15:54,25.2,45.9,0,2.7,-90,
12/5/2015 15:54,25.2,45.9,0,2.7,-90,
12/5/2015 15:55,25.1,45.8,0,1.6,-90,
12/5/2015 15:55,25.1,45.8,0,1.6,-90,
12/5/2015 15:56,25.2,45.7,498.7,1.6,-90,
12/5/2015 15:56,25.2,45.7,498.7,1.6,-90,
12/5/2015 15:57,25.3,45.9,498.7,2.2,-90,
12/5/2015 15:57,25.3,45.9,498.7,2.2,-90,
12/5/2015 15:58,25.4,45.9,498.7,3.3,-90,
12/5/2015 15:58,25.4,45.9,498.7,3.3,-90,
12/5/2015 15:59,25.4,45.9,9.9,1.5,-90,
12/5/2015 15:59,25.4,45.9,9.9,1.5,-90,
12/5/2015 16:00,25.4,45.7,9.9,1.5,-90,
12/5/2015 16:00,25.4,45.7,9.9,1.5,-90,
12/5/2015 16:01,25.4,45.8,282.5,3.3,-90,
12/5/2015 16:01,25.4,45.8,282.5,3.3,-90,
12/5/2015 16:02,25.4,45.8,174.1,2.3,-90,
12/5/2015 16:02,25.4,45.8,174.1,2.3,-90,
12/5/2015 16:03,25.4,45.8,259.5,3.1,-90,
12/5/2015 16:03,25.4,45.8,259.5,3.1,-90,
12/5/2015 16:04,25.3,45.9,107.8,1.8,-90,
12/5/2015 16:04,25.3,45.9,107.8,1.8,-90,
12/5/2015 16:05,25.3,46.5,174.8,2.8,-90,
12/5/2015 16:05,25.3,46.5,174.8,2.8,-90,
12/5/2015 16:06,25.3,46.6,146.2,2.3,-90,
12/5/2015 16:06,25.3,46.6,146.2,2.3,-90,
12/5/2015 16:07,25.3,46.5,135.8,1.3,-90,
12/5/2015 16:07,25.3,46.5,135.8,1.3,-90,
12/5/2015 16:08,25.2,46.4,141,2.3,-90,
12/5/2015 16:08,25.2,46.4,141,2.3,-90,
12/5/2015 16:09,24.9,47,141,3.7,-90,
12/5/2015 16:09,24.9,47,141,3.7,-90,
12/5/2015 16:10,24.8,47.5,149.7,3,-90,
12/5/2015 16:10,24.8,47.5,149.7,3,-90,
12/5/2015 16:11,24.7,47.4,179.2,2.5,-90,
12/5/2015 16:11,24.7,47.4,179.2,2.5,-90,
12/5/2015 16:12,24.6,47.5,301.5,2.5,-90,
12/5/2015 16:12,24.6,47.5,301.5,2.5,-90,
12/5/2015 16:13,24.5,47.8,492.2,2.6,-90,
12/5/2015 16:13,24.5,47.8,492.2,2.6,-90,
12/5/2015 16:14,24.5,47.9,503.7,2.6,-90,
12/5/2015 16:14,24.5,47.9,503.7,2.6,-90,
12/5/2015 16:15,24.7,48.1,0,2.8,-90,
12/5/2015 16:15,24.7,48.1,0,2.8,-90,
12/5/2015 16:16,24.7,47.9,129.2,2.7,-90,
12/5/2015 16:16,24.7,47.9,129.2,2.7,-90,
12/5/2015 16:17,24.7,47.7,220.5,2.1,-90,
12/5/2015 16:17,24.7,47.7,220.5,2.1,-90,
12/5/2015 16:18,24.7,47.6,349.5,1.9,-90,
12/5/2015 16:18,24.7,47.6,349.5,1.9,-90,
12/5/2015 16:19,24.7,47.6,0,2.9,-90,
12/5/2015 16:19,24.7,47.6,0,2.9,-90,
12/5/2015 16:20,24.7,47.6,389.2,2.5,-90,
12/5/2015 16:20,24.7,47.6,389.2,2.5,-90,
12/5/2015 16:21,24.7,47.8,379.7,2.1,-90,
12/5/2015 16:21,24.7,47.8,379.7,2.1,-90,
12/5/2015 16:22,24.7,47.8,401.2,3.6,-90,
12/5/2015 16:22,24.7,47.8,401.2,3.6,-90,
12/5/2015 16:23,24.8,47.8,420.5,1.7,-90,
12/5/2015 16:23,24.8,47.8,420.5,1.7,-90,
12/5/2015 16:24,24.8,47.9,201.3,2.6,-90,
12/5/2015 16:24,24.8,47.9,201.3,2.6,-90,
12/5/2015 16:25,24.8,47.7,141.5,2,-90,
12/5/2015 16:25,24.8,47.7,141.5,2,-90,
12/5/2015 16:26,24.8,47.7,141.5,1.2,-90,
12/5/2015 16:26,24.8,47.7,141.5,1.2,-90,
12/5/2015 16:27,24.8,47.6,184.6,1.3,-90,
12/5/2015 16:27,24.8,47.6,184.6,1.3,-90,
12/5/2015 16:28,24.8,48,133,3.2,-90,
12/5/2015 16:28,24.8,48,133,3.2,-90,
12/5/2015 16:29,24.8,47.4,296.2,1.3,-90,
12/5/2015 16:29,24.8,47.4,296.2,1.3,-90,
12/5/2015 16:30,24.8,47.4,46.1,0.9,-90,
12/5/2015 16:30,24.8,47.4,46.1,0.9,-90,
12/5/2015 16:31,24.8,47.6,153,2,-90,
12/5/2015 16:31,24.8,47.6,153,2,-90,
12/5/2015 16:32,24.8,47.2,272.7,0.5,-90,
12/5/2015 16:32,24.8,47.2,272.7,0.5,-90,
12/5/2015 16:33,24.8,47.2,117.1,2.2,-90,
12/5/2015 16:33,24.8,47.2,117.1,2.2,-90,
12/5/2015 16:34,24.8,47.3,121.3,1.4,-90,
12/5/2015 16:34,24.8,47.3,121.3,1.4,-90,
12/5/2015 16:35,24.8,47.7,347,1.2,-90,
12/5/2015 16:35,24.8,47.7,347,1.2,-90,
12/5/2015 16:36,24.8,47.3,123.4,1,-90,
12/5/2015 16:36,24.8,47.3,123.4,1,-90,
12/5/2015 16:37,24.8,46.9,107.9,2.1,-90,
12/5/2015 16:37,24.8,46.9,107.9,2.1,-90,
12/5/2015 16:38,24.7,47.2,141.5,1.3,-90,
12/5/2015 16:38,24.7,47.2,141.5,1.3,-90,
12/5/2015 16:39,24.7,47.1,86.5,2.9,-90,
12/5/2015 16:39,24.7,47.1,86.5,2.9,-90,
12/5/2015 16:40,24.7,47.2,82.4,1.6,-90,
12/5/2015 16:40,24.7,47.2,82.4,1.6,-90,
12/5/2015 16:41,24.5,46.8,312.2,2.5,-90,
12/5/2015 16:41,24.5,46.8,312.2,2.5,-90,
12/5/2015 16:42,24.5,46.6,321.5,1.6,-90,
12/5/2015 16:42,24.5,46.6,321.5,1.6,-90,
12/5/2015 16:43,24.5,46.4,311.5,2.5,-90,
12/5/2015 16:43,24.5,46.4,311.5,2.5,-90,
12/5/2015 16:44,24.5,46.6,306.7,2.9,-90,
12/5/2015 16:44,24.5,46.6,306.7,2.9,-90,
12/5/2015 16:45,24.5,46.7,299.5,4,-90,
12/5/2015 16:45,24.5,46.7,299.5,4,-90,
12/5/2015 16:46,24.4,46.6,295.2,2.6,-90,
12/5/2015 16:46,24.4,46.6,295.2,2.6,-90,
12/5/2015 16:47,24.4,46.8,293.5,2.1,-90,
12/5/2015 16:47,24.4,46.8,293.5,2.1,-90,
12/5/2015 16:48,24.4,46.9,158,3.5,-90,
12/5/2015 16:48,24.4,46.9,158,3.5,-90,
12/5/2015 16:49,24.4,46.9,187.5,3.6,-90,
12/5/2015 16:49,24.4,46.9,187.5,3.6,-90,
12/5/2015 16:50,24.3,47.3,108.6,2.4,-90,
12/5/2015 16:50,24.3,47.3,108.6,2.4,-90,
12/5/2015 16:51,24.3,47.8,265,2.9,-90,
12/5/2015 16:51,24.3,47.8,265,2.9,-90,
12/5/2015 16:52,24.3,48,76,2.9,-90,
12/5/2015 16:52,24.3,48,76,2.9,-90,
12/5/2015 16:53,24.3,48.2,66.8,1.7,-90,
12/5/2015 16:53,24.3,48.2,66.8,1.7,-90,
12/5/2015 16:54,24.2,48,68,2.1,-90,
12/5/2015 16:54,24.2,48,68,2.1,-90,
12/5/2015 16:55,24.2,48.4,236.7,1.3,-90,
12/5/2015 16:55,24.2,48.4,236.7,1.3,-90,
12/5/2015 16:56,24.2,48.5,179.5,2.5,-90,
12/5/2015 16:56,24.2,48.5,179.5,2.5,-90,
12/5/2015 16:57,24.2,48.2,115.4,1.6,-90,
12/5/2015 16:57,24.2,48.2,115.4,1.6,-90,
12/5/2015 16:58,24.3,48.3,161,1.9,-90,
12/5/2015 16:58,24.3,48.3,161,1.9,-90,
12/5/2015 16:59,24.3,48.2,143.5,1.3,-90,
12/5/2015 16:59,24.3,48.2,143.5,1.3,-90,
12/5/2015 17:00,24.2,47.8,49.2,1.7,-90,
12/5/2015 17:00,24.2,47.8,49.2,1.7,-90,
12/5/2015 17:01,24.1,48,47.5,1.1,-90,
12/5/2015 17:01,24.1,48,47.5,1.1,-90,
12/5/2015 17:02,24.1,48.3,51.6,1.5,-90,
12/5/2015 17:02,24.1,48.3,51.6,1.5,-90,
12/5/2015 17:03,24.1,48.2,65.9,2.6,-90,
12/5/2015 17:03,24.1,48.2,65.9,2.6,-90,
12/5/2015 17:04,24,48.7,77.5,2.4,-90,
12/5/2015 17:04,24,48.7,77.5,2.4,-90,
12/5/2015 17:05,24,48.7,131.7,1.1,-90,
12/5/2015 17:05,24,48.7,131.7,1.1,-90,
12/5/2015 17:06,24,49.1,188.2,1.5,-90,
12/5/2015 17:06,24,49.1,188.2,1.5,-90,
12/5/2015 17:07,24,49.2,197.6,1.9,-90,
12/5/2015 17:07,24,49.2,197.6,1.9,-90,
12/5/2015 17:08,24,48.9,159.1,1.5,-90,
12/5/2015 17:08,24,48.9,159.1,1.5,-90,
12/5/2015 17:09,24,48.6,174.2,1.2,-90,
12/5/2015 17:09,24,48.6,174.2,1.2,-90,
12/5/2015 17:10,24,48.7,108.3,2.2,-90,
12/5/2015 17:10,24,48.7,108.3,2.2,-90,
12/5/2015 17:11,24,49,82.2,2.5,-90,
12/5/2015 17:11,24,49,82.2,2.5,-90,
12/5/2015 17:12,24,48.7,180,2.7,-90,
12/5/2015 17:12,24,48.7,180,2.7,-90,
12/5/2015 17:13,24,48.9,193.6,1.5,-90,
12/5/2015 17:13,24,48.9,193.6,1.5,-90,
12/5/2015 17:14,24,48.8,178.5,2,-90,
12/5/2015 17:14,24,48.8,178.5,2,-90,
12/5/2015 17:15,24,48.9,197.3,2,-90,
12/5/2015 17:15,24,48.9,197.3,2,-90,
12/5/2015 17:16,24,48.8,185.6,1.2,-90,
12/5/2015 17:16,24,48.8,185.6,1.2,-90,
12/5/2015 17:17,24,48.8,181,1.8,-90,
12/5/2015 17:17,24,48.8,181,1.8,-90,
12/5/2015 17:18,24,49.1,178.3,1.8,-90,
12/5/2015 17:18,24,49.1,178.3,1.8,-90,
12/5/2015 17:19,24,49,176.5,1.4,-90,
12/5/2015 17:19,24,49,176.5,1.4,-90,
12/5/2015 17:20,24,49.3,171.2,1.8,-90,
12/5/2015 17:20,24,49.3,171.2,1.8,-90,
12/5/2015 17:21,24,49.2,166.6,2.6,-90,
12/5/2015 17:21,24,49.2,166.6,2.6,-90,
12/5/2015 17:22,24,48.9,167.7,1.4,-90,
12/5/2015 17:22,24,48.9,167.7,1.4,-90,
12/5/2015 17:23,24,49.2,147.2,2.8,-90,
12/5/2015 17:23,24,49.2,147.2,2.8,-90,
12/5/2015 17:24,23.9,49.2,160.5,3.5,-90,
12/5/2015 17:24,23.9,49.2,160.5,3.5,-90,
12/5/2015 17:25,23.9,49.4,157.2,2.2,-90,
12/5/2015 17:25,23.9,49.4,157.2,2.2,-90,
12/5/2015 17:26,23.9,49.4,152.1,2.7,-90,
12/5/2015 17:26,23.9,49.4,152.1,2.7,-90,
12/5/2015 17:27,23.9,48.9,150.1,2.8,-90,
12/5/2015 17:27,23.9,48.9,150.1,2.8,-90,
12/5/2015 17:28,23.9,49.1,143.3,1.6,-90,
12/5/2015 17:28,23.9,49.1,143.3,1.6,-90,
12/5/2015 17:29,23.9,48.7,141.8,1.4,-90,
12/5/2015 17:29,23.9,48.7,141.8,1.4,-90,
12/5/2015 17:30,23.8,48.9,141.8,1.4,-90,
12/5/2015 17:30,23.8,48.9,141.8,1.4,-90,
12/5/2015 17:31,23.8,48.9,139.1,2,-90,
12/5/2015 17:31,23.8,48.9,139.1,2,-90,
12/5/2015 17:32,23.8,48.6,132.8,2,-90,
12/5/2015 17:32,23.8,48.6,132.8,2,-90,
12/5/2015 17:33,23.9,48.7,128.8,2.5,-90,
12/5/2015 17:33,23.9,48.7,128.8,2.5,-90,
12/5/2015 17:34,23.9,48.4,126,1,-90,
12/5/2015 17:34,23.9,48.4,126,1,-90,
12/5/2015 17:35,23.9,48.2,126,2.1,-90,
12/5/2015 17:35,23.9,48.2,126,2.1,-90,
12/5/2015 17:36,23.9,48.6,80.2,2.3,-90,
12/5/2015 17:36,23.9,48.6,80.2,2.3,-90,
12/5/2015 17:37,23.8,48.6,115.2,2,-90,
12/5/2015 17:37,23.8,48.6,115.2,2,-90,
12/5/2015 17:38,23.8,49.1,111.9,3.1,-90,
12/5/2015 17:38,23.8,49.1,111.9,3.1,-90,
12/5/2015 17:39,23.8,49.3,107.2,1.5,-90,
12/5/2015 17:39,23.8,49.3,107.2,1.5,-90,
12/5/2015 17:40,23.7,49.5,105.2,3,-90,
12/5/2015 17:40,23.7,49.5,105.2,3,-90,
12/5/2015 17:41,23.7,50.1,102.6,2.3,-90,
12/5/2015 17:41,23.7,50.1,102.6,2.3,-90,
12/5/2015 17:42,23.7,50.2,99.6,1.6,-90,
12/5/2015 17:42,23.7,50.2,99.6,1.6,-90,
12/5/2015 17:43,23.8,50.1,97.8,1.3,-90,
12/5/2015 17:43,23.8,50.1,97.8,1.3,-90,
12/5/2015 17:44,23.8,49.5,95.3,1.1,-90,
12/5/2015 17:44,23.8,49.5,95.3,1.1,-90,
12/5/2015 17:45,23.8,48.9,89.7,3.1,-90,
12/5/2015 17:45,23.8,48.9,89.7,3.1,-90,
12/5/2015 17:46,23.8,48.8,87.4,2.6,-90,
12/5/2015 17:46,23.8,48.8,87.4,2.6,-90,
12/5/2015 17:47,23.8,49.4,85.2,1,-90,
12/5/2015 17:47,23.8,49.4,85.2,1,-90,
12/5/2015 17:48,23.7,49.9,82.4,0.8,-90,
12/5/2015 17:48,23.7,49.9,82.4,0.8,-90,
12/5/2015 17:49,23.7,49.9,80.1,2.1,-90,
12/5/2015 17:49,23.7,49.9,80.1,2.1,-90,
12/5/2015 17:50,23.7,50.2,78.1,2,-90,
12/5/2015 17:50,23.7,50.2,78.1,2,-90,
12/5/2015 17:51,23.7,49.9,73.3,1.8,-90,
12/5/2015 17:51,23.7,49.9,73.3,1.8,-90,
12/5/2015 17:52,23.6,49.6,71.3,2.8,-90,
12/5/2015 17:52,23.6,49.6,71.3,2.8,-90,
12/5/2015 17:53,23.6,49.6,68.9,2.4,-90,
12/5/2015 17:53,23.6,49.6,68.9,2.4,-90,
12/5/2015 17:54,23.5,50,66.6,3.4,-90,
12/5/2015 17:54,23.5,50,66.6,3.4,-90,
12/5/2015 17:55,23.5,49.9,64.7,1.4,-90,
12/5/2015 17:55,23.5,49.9,64.7,1.4,-90,
12/5/2015 17:56,23.4,50.1,62.7,1.8,-90,
12/5/2015 17:56,23.4,50.1,62.7,1.8,-90,
12/5/2015 17:57,23.4,50.6,57.5,2.4,-90,
12/5/2015 17:57,23.4,50.6,57.5,2.4,-90,
12/5/2015 17:58,23.4,50.7,54.8,3.1,-90,
12/5/2015 17:58,23.4,50.7,54.8,3.1,-90,
12/5/2015 17:59,23.3,51.4,52.3,3.9,-90,
12/5/2015 17:59,23.3,51.4,52.3,3.9,-90,
12/5/2015 18:00,23.3,51.7,50.1,2.7,-90,
12/5/2015 18:00,23.3,51.7,50.1,2.7,-90,
12/5/2015 18:01,23.3,52.3,48.3,1.7,-90,
12/5/2015 18:01,23.3,52.3,48.3,1.7,-90,
12/5/2015 18:02,23.3,52.6,48.3,2.6,-90,
12/5/2015 18:02,23.3,52.6,48.3,2.6,-90,
12/5/2015 18:03,23.2,52.8,0,2.2,-90,
12/5/2015 18:03,23.2,52.8,0,2.2,-90,
12/5/2015 18:04,23.2,52.8,40.1,1.7,-90,
12/5/2015 18:04,23.2,52.8,40.1,1.7,-90,
12/5/2015 18:05,23.2,52.9,40.1,2.4,-90,
12/5/2015 18:05,23.2,52.9,40.1,2.4,-90,
12/5/2015 18:06,23.2,52.7,40.1,1.9,-90,
12/5/2015 18:06,23.2,52.7,40.1,1.9,-90,
12/5/2015 18:07,23.2,52.7,40.1,2.1,-90,
12/5/2015 18:07,23.2,52.7,40.1,2.1,-90,
12/5/2015 18:08,23.2,52.7,40.1,1.9,-90,
12/5/2015 18:08,23.2,52.7,40.1,1.9,-90,
12/5/2015 18:09,23.1,52.7,40.1,3.2,-90,
12/5/2015 18:09,23.1,52.7,40.1,3.2,-90,
12/5/2015 18:10,23.1,52.9,0,2.3,-90,
12/5/2015 18:10,23.1,52.9,0,2.3,-90,
12/5/2015 18:11,23,52.9,0,2.5,-90,
12/5/2015 18:11,23,52.9,0,2.5,-90,
12/5/2015 18:12,23,53.2,0,2.2,-90,
12/5/2015 18:12,23,53.2,0,2.2,-90,
12/5/2015 18:13,23,53.4,0,3.3,-90,
12/5/2015 18:13,23,53.4,0,3.3,-90,
12/5/2015 18:14,23,53.6,0,2.5,-90,
12/5/2015 18:14,23,53.6,0,2.5,-90,
12/5/2015 18:15,23,53.7,0,2.8,-90,
12/5/2015 18:15,23,53.7,0,2.8,-90,
12/5/2015 18:16,23,54.2,7.1,2.5,-90,
12/5/2015 18:16,23,54.2,7.1,2.5,-90,
12/5/2015 18:17,22.9,54.2,8.2,1.5,-90,
12/5/2015 18:17,22.9,54.2,8.2,1.5,-90,
12/5/2015 18:18,22.9,54.3,13.5,1.8,-90,
12/5/2015 18:18,22.9,54.3,13.5,1.8,-90,
12/5/2015 18:19,22.9,54.5,12,1.9,-90,
12/5/2015 18:19,22.9,54.5,12,1.9,-90,
12/5/2015 18:20,22.9,54.5,0,1.9,-90,
12/5/2015 18:20,22.9,54.5,0,1.9,-90,
12/5/2015 18:21,22.9,54.5,10.3,2.4,-90,
12/5/2015 18:21,22.9,54.5,10.3,2.4,-90,
12/5/2015 18:22,22.9,54.6,10.3,1.4,-90,
12/5/2015 18:22,22.9,54.6,10.3,1.4,-90,
12/5/2015 18:23,22.9,54.7,9.2,1.1,-90,
12/5/2015 18:23,22.9,54.7,9.2,1.1,-90,
12/5/2015 18:24,22.9,54.9,9.2,1.8,-90,
12/5/2015 18:24,22.9,54.9,9.2,1.8,-90,
12/5/2015 18:25,22.9,55,0,1.3,-90,
12/5/2015 18:25,22.9,55,0,1.3,-90,
12/5/2015 18:26,22.9,55,0,1.3,-90,
12/5/2015 18:26,22.9,55,0,1.3,-90,
12/5/2015 18:27,22.9,55.1,0,2.2,-90,
12/5/2015 18:27,22.9,55.1,0,2.2,-90,
12/5/2015 18:28,22.9,55.3,5.1,1.9,-90,
12/5/2015 18:28,22.9,55.3,5.1,1.9,-90,
12/5/2015 18:29,22.8,55.6,5.1,1.3,-90,
12/5/2015 18:29,22.8,55.6,5.1,1.3,-90,
12/5/2015 18:30,22.8,55.6,2.5,1.2,-90,
12/5/2015 18:30,22.8,55.6,2.5,1.2,-90,
12/5/2015 18:31,22.8,55.7,2.5,2.1,-90,
12/5/2015 18:31,22.8,55.7,2.5,2.1,-90,
12/5/2015 18:32,22.8,55.7,2.5,1.1,-90,
12/5/2015 18:32,22.8,55.7,2.5,1.1,-90,
12/5/2015 18:33,22.8,55.7,2.5,2,-90,
12/5/2015 18:33,22.8,55.7,2.5,2,-90,
12/5/2015 18:34,22.8,55.5,0,1.5,-90,
12/5/2015 18:34,22.8,55.5,0,1.5,-90,
12/5/2015 18:35,22.7,55.6,0,2.4,-90,
12/5/2015 18:35,22.7,55.6,0,2.4,-90,
12/5/2015 18:36,22.7,55.7,0,1,-90,
12/5/2015 18:36,22.7,55.7,0,1,-90,
12/5/2015 18:37,22.7,55.8,0,1.1,-90,
12/5/2015 18:37,22.7,55.8,0,1.1,-90,
12/5/2015 18:38,22.6,56,0,2.3,-90,
12/5/2015 18:38,22.6,56,0,2.3,-90,
12/5/2015 18:39,22.6,56.2,0,1.6,-90,
12/5/2015 18:39,22.6,56.2,0,1.6,-90,
12/5/2015 18:40,22.6,56.3,0,1.7,-90,
12/5/2015 18:40,22.6,56.3,0,1.7,-90,
12/5/2015 18:41,22.5,56.6,0,1.3,-90,
12/5/2015 18:41,22.5,56.6,0,1.3,-90,
12/5/2015 18:42,22.5,56.8,0,2.3,-90,
12/5/2015 18:42,22.5,56.8,0,2.3,-90,
12/5/2015 18:43,22.5,57,0,1.5,-90,
12/5/2015 18:43,22.5,57,0,1.5,-90,
12/5/2015 18:44,22.5,57.2,0,2.2,-90,
12/5/2015 18:44,22.5,57.2,0,2.2,-90,
12/5/2015 18:45,22.5,57.1,0,2.1,-90,
12/5/2015 18:45,22.5,57.1,0,2.1,-90,
12/5/2015 18:46,22.5,57.2,0,2.1,-90,
12/5/2015 18:46,22.5,57.2,0,2.1,-90,
12/5/2015 18:47,22.5,57.4,0,1.9,-90,
12/5/2015 18:47,22.5,57.4,0,1.9,-90,
12/5/2015 18:48,22.5,57.4,0,1.2,-90,
12/5/2015 18:48,22.5,57.4,0,1.2,-90,
12/5/2015 18:49,22.5,57.8,0,2,-90,
12/5/2015 18:49,22.5,57.8,0,2,-90,
12/5/2015 18:50,22.4,57.9,0,3.3,-90,
12/5/2015 18:50,22.4,57.9,0,3.3,-90,
12/5/2015 18:51,22.4,57.9,0,2.4,-90,
12/5/2015 18:51,22.4,57.9,0,2.4,-90,
12/5/2015 18:52,22.4,57.9,0,1.7,-90,
12/5/2015 18:52,22.4,57.9,0,1.7,-90,
12/5/2015 18:53,22.4,58,0,1.1,-90,
12/5/2015 18:53,22.4,58,0,1.1,-90,
12/5/2015 18:54,22.4,58.1,0,1.1,-90,
12/5/2015 18:54,22.4,58.1,0,1.1,-90,
12/5/2015 18:55,22.4,58.3,0,2.4,-90,
12/5/2015 18:55,22.4,58.3,0,2.4,-90,
12/5/2015 18:56,22.4,58.5,0,0.6,-90,
12/5/2015 18:56,22.4,58.5,0,0.6,-90,
12/5/2015 18:57,22.4,58.9,0,2.2,-90,
12/5/2015 18:57,22.4,58.9,0,2.2,-90,
12/5/2015 18:58,22.4,58.8,0,1.7,-90,
12/5/2015 18:58,22.4,58.8,0,1.7,-90,
12/5/2015 18:59,22.4,59.2,0,1.6,-90,
12/5/2015 18:59,22.4,59.2,0,1.6,-90,
12/5/2015 19:00,22.4,59.4,0,1.5,-90,
12/5/2015 19:00,22.4,59.4,0,1.5,-90,
